lead_id,sessions_30d,pricing_views,downloads,velocity_score,days_since_last_action
5000,4,2,1,1.6199760942598793,29
5001,5,1,2,3.4050263229735647,41
5002,3,0,3,0.8932986009733811,43
5003,5,0,1,4.746240927972225,25
5004,4,1,3,4.038494178157217,17
5005,6,2,3,1.4043270420315086,20
5006,4,2,3,3.367744558574168,40
5007,6,2,4,3.91615538241862,40
5008,5,4,2,1.442506198232124,41
5009,2,2,2,0.919986384712897,32
5010,1,1,0,2.083008947430649,42
5011,1,1,1,1.110894535378544,13
5012,3,0,3,3.045702672969032,9
5013,5,0,1,2.4085170930803677,27
5014,3,1,2,2.5809095214540747,13
5015,5,1,2,2.9428856480354333,18
5016,4,1,3,4.919234656741707,25
5017,3,0,4,4.06686049880499,9
5018,6,2,3,3.3326217274228283,16
5019,5,2,3,2.1366752651570127,33
5020,6,0,0,0.621812089116343,13
5021,2,1,4,1.0243742482343827,25
5022,5,2,1,3.788902627427227,33
5023,6,1,4,2.161417677088653,18
5024,3,0,3,2.004968461291902,23
5025,5,2,3,4.500402613658821,30
5026,5,1,3,2.68029000731197,39
5027,6,0,3,4.5480967583589935,5
5028,3,2,3,4.489873296809899,19
5029,6,0,4,0.860815812715495,38
5030,11,1,3,4.75413340295091,44
5031,5,1,2,0.8462969762340085,33
5032,6,6,2,4.835777518612457,21
5033,5,2,0,2.5367671291972567,6
5034,5,0,1,3.923873040895593,32
5035,2,2,2,3.6776496523543405,5
5036,10,0,0,2.833227384460378,15
5037,2,1,4,3.2875466847603945,7
5038,2,1,1,4.774631816746377,44
5039,2,2,3,4.673081707984581,22
5040,3,0,3,3.444467226165891,17
5041,3,0,4,3.4597340552053635,13
5042,3,0,1,1.6112241202632713,35
5043,3,1,2,4.228805726231557,14
5044,7,0,1,3.346714998509346,4
5045,5,2,0,4.2181195639929365,14
5046,6,0,4,3.4603358462958944,10
5047,1,3,2,1.8469401171422675,1
5048,4,3,1,1.3526663122886597,22
5049,3,0,1,0.8463462990041994,23
5050,7,0,2,3.136977195170571,17
5051,4,0,0,1.7782311087893075,3
5052,3,0,0,3.3372928156586643,14
5053,7,1,1,0.7639540019769719,11
5054,1,2,3,2.1904837925253218,2
5055,4,1,2,1.6724894691639902,31
5056,3,2,0,2.1665033510050087,35
5057,5,2,0,0.7442754339046418,20
5058,2,2,0,3.7588163847505096,5
5059,4,1,4,1.0251379991433796,1
5060,4,1,3,0.5648118185666897,8
5061,4,2,0,4.7583009562520004,11
5062,6,0,3,1.3679437206427245,43
5063,8,0,1,4.226275843004573,23
5064,5,1,1,4.84011769890706,13
5065,3,3,4,2.903545398059429,40
5066,4,0,3,2.8675317202139587,11
5067,4,1,2,2.1533776024253433,26
5068,4,2,4,2.415176891489277,9
5069,7,1,0,2.6693392862900307,42
5070,5,1,1,1.1844248167428315,1
5071,5,0,1,2.141315257731616,30
5072,6,3,2,4.1724879917425035,27
5073,2,0,4,1.320791538116626,15
5074,7,0,3,3.784339611293519,0
5075,3,0,1,3.432139701206858,21
5076,5,2,0,0.757839988771966,0
5077,2,2,2,0.600929907969562,30
5078,4,1,2,2.0863780816025708,21
5079,6,3,2,3.614766247093285,33
5080,6,1,0,1.9868806731229771,11
5081,0,2,2,3.5047998527022224,22
5082,0,3,3,3.494561643625917,27
5083,2,2,3,4.12949580180921,11
5084,4,1,4,0.9476852661673014,26
5085,3,0,4,3.0970800103435865,22
5086,4,1,3,0.7812370380799152,0
5087,3,0,0,1.29176213123002,42
5088,8,1,4,1.9647540628526414,1
5089,6,1,2,3.6832515819325966,43
5090,3,0,3,4.882450887518367,30
5091,0,0,1,2.0413436647365977,1
5092,2,1,0,2.845150184312079,24
5093,3,1,0,1.6657501794009593,37
5094,6,2,3,3.5397032927432663,18
5095,3,4,1,2.149636405777009,27
5096,4,1,0,2.667182780472249,5
5097,9,1,4,3.0551579413278294,38
5098,7,0,1,3.588090484582745,18
5099,3,0,2,0.7702324758038896,16
5100,2,0,4,2.9970549220396716,5
5101,2,1,1,2.440238440164962,14
5102,2,0,3,1.1019428891585021,21
5103,4,1,0,1.4361650074911276,40
5104,6,1,4,4.477505409950618,33
5105,3,0,3,4.4229920409510655,4
5106,3,0,1,0.649986144906537,22
5107,5,2,2,3.602306710563135,4
5108,5,1,0,2.9938429091180936,43
5109,5,2,0,4.729171294162619,9
5110,7,0,4,4.586025699600871,3
5111,3,2,3,3.108028607835629,11
5112,2,0,1,1.1252971459332664,9
5113,1,4,1,2.5691676065118507,29
5114,6,1,3,3.763239651180526,23
5115,4,2,0,4.782814857904421,4
5116,4,0,3,2.1372323258866217,12
5117,6,2,1,4.031021641790984,35
5118,1,0,3,3.5750333897677566,8
5119,4,0,0,0.8523174971401796,17
5120,3,0,4,3.0108958262882957,34
5121,4,4,0,1.3257897509272363,30
5122,4,1,2,3.5759718147999404,23
5123,4,1,2,3.2453818112328765,42
5124,2,1,3,4.878716412352249,3
5125,2,0,0,4.709221993061643,40
5126,7,3,0,0.5421777511949654,25
5127,7,2,1,0.8601324357726483,43
5128,2,1,4,3.9611044014330257,41
5129,5,2,0,3.5853938283923457,9
5130,3,0,3,4.104255193326011,40
5131,4,0,1,1.7006671520074563,41
5132,1,0,1,4.321952459431145,8
5133,3,0,3,2.4908876239466116,0
5134,5,0,3,1.6785881810349879,15
5135,2,0,0,0.5477348641320157,12
5136,4,0,0,4.421138156688173,37
5137,5,0,1,2.909047321580776,13
5138,2,0,1,4.8892193768839665,39
5139,5,1,4,3.7160662530526674,22
5140,4,0,1,0.8618771457040035,17
5141,3,3,3,3.146860338809641,27
5142,4,1,3,0.5770604292050637,19
5143,5,0,4,3.0100183439581945,0
5144,5,0,2,2.0759074839458633,11
5145,6,0,2,3.394831256234445,26
5146,0,1,3,2.937083928108218,42
5147,3,1,2,1.6760764553651977,12
5148,4,0,2,1.230577740976208,3
5149,2,0,4,2.3212016885378732,24
5150,6,0,1,4.940763416823221,5
5151,3,4,1,2.4606438824717225,44
5152,5,1,2,3.869542120200312,21
5153,1,1,0,0.7563808652241683,44
5154,2,1,4,2.204895939878316,37
5155,3,2,2,3.111453667395517,35
5156,3,1,0,3.8803843099781696,2
5157,3,1,0,2.8777264579267703,14
5158,3,0,4,2.818829956103516,10
5159,4,1,1,3.9375811066872606,33
5160,7,2,3,1.9097947279350511,26
5161,4,2,0,0.9077473439212664,22
5162,6,2,3,2.0621771195783256,16
5163,5,3,3,1.215483059522456,22
5164,1,0,4,4.84674891860045,33
5165,2,1,1,3.0988019636451125,20
5166,6,2,4,2.509701940974284,32
5167,3,0,0,4.604233451704553,4
5168,6,1,1,4.551626243151965,16
5169,7,3,2,2.3706377558339433,0
5170,5,1,1,4.436273130124146,6
5171,7,2,4,0.7881166991435553,2
5172,2,1,4,4.485736153996461,25
5173,8,2,3,1.8976258784994426,15
5174,7,1,2,3.0430502795327956,15
5175,4,4,1,1.7135986247257593,43
5176,5,0,2,4.931598007262028,40
5177,1,0,3,0.823009925013261,13
5178,3,0,2,2.51129879051293,43
5179,3,1,2,3.294446696751026,25
5180,2,2,1,3.270255135517807,26
5181,5,1,2,3.8244127539417976,16
5182,5,0,3,3.7598689684491937,43
5183,2,0,0,4.0691421734013655,3
5184,6,2,0,1.5542933427036123,16
5185,1,1,4,2.167279220308526,32
5186,4,1,0,2.2191490219112273,29
5187,1,3,1,4.801278474095639,20
5188,1,0,4,2.341903356883437,16
5189,3,2,0,1.498411448171046,10
5190,3,1,0,3.3455499187628783,29
5191,1,0,4,2.4227011167135273,17
5192,5,2,1,1.6253602840208672,19
5193,6,2,4,3.718109635061905,33
5194,0,2,1,1.363663789914778,40
5195,2,1,1,3.350093182967068,27
5196,5,2,3,2.437388193816847,8
5197,3,2,0,1.9362522394880246,43
5198,5,1,0,4.7569202036928555,30
5199,2,2,2,1.9598337851665095,44
5200,6,2,4,2.063783183674857,15
5201,4,2,3,4.4178726385992695,30
5202,2,0,0,1.0806951329397196,28
5203,4,4,2,0.9863093734072748,12
5204,6,1,3,1.7721850283802612,22
5205,5,3,1,3.162361654735069,13
5206,5,3,0,2.229350720495621,38
5207,6,4,4,3.238495163760538,1
5208,4,0,3,1.218877839699956,11
5209,8,0,2,1.6765288194530616,27
5210,0,1,4,3.0432305021561223,31
5211,2,0,1,1.4771714101642957,23
5212,1,1,4,2.402620837207002,36
5213,1,1,2,3.0769154464626034,28
5214,6,2,1,4.881429060264115,41
5215,8,1,2,0.8594899604491694,17
5216,3,1,0,2.5718629035690723,2
5217,3,1,2,2.2832193233395888,12
5218,8,0,4,4.209085622530301,12
5219,4,1,0,4.551337035627954,41
5220,3,2,0,4.581559258391142,28
5221,9,1,3,2.188126908687172,1
5222,2,2,4,1.870948161029669,27
5223,5,1,4,2.521117627047881,3
5224,5,4,1,2.0479383768731134,4
5225,4,1,2,3.734829412556871,38
5226,3,1,2,1.4610697188331214,40
5227,6,1,4,3.4640783783324656,4
5228,3,1,2,4.671443898970254,7
5229,2,1,4,1.7596110636324946,33
5230,1,2,0,3.5460077746497096,24
5231,2,0,2,1.1460250470082025,26
5232,1,1,2,1.046227739437666,6
5233,3,2,4,1.020400151291897,35
5234,8,4,4,1.12337676430407,31
5235,1,1,1,1.4727419163924889,20
5236,4,1,2,3.0327372302080744,17
5237,8,2,3,3.9514354187699183,1
5238,3,1,4,1.070856606699121,41
5239,3,0,3,4.415067232658261,4
5240,7,0,0,4.292223279936017,43
5241,4,0,0,3.773246119263012,41
5242,2,1,3,2.416846097576629,37
5243,1,1,0,0.5070075567148662,27
5244,7,2,3,3.8064422358513355,30
5245,5,0,1,4.455437651043978,43
5246,2,0,1,2.008788692773379,23
5247,6,2,0,3.730944025495034,32
5248,3,1,3,0.7792142646257676,38
5249,3,0,3,3.692726921622392,11
5250,1,2,3,0.8073883438200187,38
5251,5,3,0,3.1423385114990694,8
5252,3,0,3,3.1889897865288215,14
5253,4,1,4,1.8597044949071877,22
5254,4,0,3,0.8560522718452919,43
5255,7,1,4,4.772006486205967,44
5256,4,1,1,2.910098318074759,21
5257,3,1,4,3.1089115630573816,35
5258,2,2,1,3.2675940006371316,9
5259,2,0,0,4.509715671167698,27
5260,2,0,1,0.7711504004604091,34
5261,4,1,1,4.519794955336398,28
5262,4,2,3,1.5785442887507335,4
5263,4,1,2,0.8507761231835635,3
5264,4,1,1,3.4576963345909912,14
5265,5,2,4,4.896390399155076,29
5266,3,2,0,0.7575892983796815,25
5267,3,0,4,2.4175481811681467,22
5268,1,1,0,2.8840303640470357,38
5269,6,1,4,1.6345353384657055,28
5270,6,1,1,4.9229246711883565,21
5271,5,1,2,3.3843344657172234,34
5272,4,0,1,4.299578027810201,17
5273,3,1,3,2.370999568872711,34
5274,2,1,4,2.09280149215168,32
5275,3,3,2,2.989210526964915,6
5276,4,3,4,2.4587529918198787,33
5277,4,3,3,3.717266248115575,9
5278,4,0,3,1.6961814059530762,23
5279,8,2,3,2.5231596399157983,24
5280,3,1,1,4.528097362823269,43
5281,4,1,1,3.9024855515449826,26
5282,3,0,2,1.256315742580525,5
5283,5,0,3,4.490891732262188,7
5284,6,0,1,3.150574657003346,20
5285,7,0,0,3.556792324726174,40
5286,7,2,0,1.8241545463216973,18
5287,3,0,1,2.4869491863604587,33
5288,3,0,2,4.130656155078129,38
5289,3,2,4,1.9880429844343195,42
5290,3,0,3,1.2427772697958697,22
5291,7,2,1,2.2023721084256627,12
5292,4,3,2,0.8114840033422464,41
5293,5,2,4,3.730354063182195,38
5294,2,1,2,1.16485658948389,27
5295,5,1,4,1.7830665817738014,5
5296,6,0,0,4.464864524992515,11
5297,10,1,4,2.93223946080547,2
5298,2,0,0,1.9460229826841404,19
5299,6,1,3,2.964501005066986,40
5300,7,1,1,1.4822494683435021,41
5301,3,1,0,0.6132790836752456,44
5302,5,1,2,3.2167961553371134,7
5303,2,0,4,3.7135666975312818,25
5304,4,2,2,4.459017944506908,37
5305,3,0,0,3.9734751247912565,27
5306,3,1,2,4.670049652229817,34
5307,1,2,4,4.936790639942917,43
5308,6,2,1,3.852209514856092,40
5309,3,1,2,4.405654853736504,40
5310,7,2,3,3.5317917645268313,42
5311,6,0,4,1.269220060437211,37
5312,3,0,4,1.3176609184502823,1
5313,3,0,3,0.996167553418684,6
5314,2,0,0,4.743386239970856,40
5315,4,1,3,3.5273826402772106,24
5316,5,1,0,4.05459387709486,31
5317,6,0,1,1.990208015709639,11
5318,5,0,0,2.57189769534541,10
5319,1,0,1,0.6790078932651176,9
5320,8,0,1,4.5005333019579385,34
5321,8,2,3,4.338515432352237,43
5322,3,1,1,4.031651006889324,3
5323,6,1,0,0.7623593045653618,41
5324,4,1,2,1.2841238100984518,1
5325,3,0,4,2.003767959895076,43
5326,7,3,4,1.6837820390375227,27
5327,3,3,0,4.273069273389809,42
5328,4,1,2,1.3767609119027897,13
5329,7,1,1,2.894560094025385,43
5330,4,2,0,3.071214940186905,28
5331,6,1,1,2.4125533122314176,1
5332,5,1,3,1.5830956927870665,33
5333,11,0,2,4.8213243089650915,32
5334,3,1,4,2.3602965902106012,19
5335,4,4,0,3.772894979914992,29
5336,2,1,4,1.3282091944530299,41
5337,3,3,1,4.202650258413027,25
5338,0,3,1,1.4715132045515003,19
5339,5,1,3,3.5388798060786177,0
5340,5,2,1,2.7792320066263483,0
5341,2,0,1,1.1595071344164192,24
5342,3,1,4,0.6122713827023477,32
5343,6,0,4,4.6883671942181255,22
5344,3,3,0,1.0656073110404294,10
5345,4,0,0,3.6722814290911168,43
5346,5,2,1,3.4370823152614283,14
5347,2,1,2,2.0377401910183695,13
5348,4,0,0,1.3342230479962784,0
5349,4,2,1,1.3024771225493668,32
5350,6,3,4,3.1339753387260756,5
5351,3,2,3,2.9611458258082046,22
5352,3,1,4,4.441707591576044,25
5353,5,2,4,3.3800138528537134,2
5354,4,4,3,4.186737392362361,5
5355,5,0,4,0.6458587810367395,39
5356,6,2,0,3.519469161628678,24
5357,5,0,4,1.5516888729332945,16
5358,1,0,3,1.6377753198456957,27
5359,5,2,1,3.7425943809020343,31
5360,4,1,1,4.070448314712234,28
5361,0,2,1,2.172809638123487,22
5362,5,1,3,4.055345675907378,40
5363,3,1,3,2.4968510390856,15
5364,4,2,0,4.359404067666714,31
5365,4,1,3,0.6120669748036669,25
5366,6,2,1,0.8757278186668278,32
5367,5,1,3,3.9935831327045674,18
5368,2,1,2,3.3084033252364953,40
5369,2,2,4,3.0155911413598324,16
5370,4,1,0,3.26290463302358,37
5371,6,1,1,4.685857823399679,13
5372,5,1,1,3.449916641471298,17
5373,5,2,2,3.4136425249692617,20
5374,6,1,0,3.917618958678025,38
5375,4,3,4,4.39979317537922,41
5376,3,2,0,1.6786061520725972,38
5377,3,1,0,3.2753698665498683,27
5378,5,1,1,3.1278873359861388,19
5379,4,0,3,1.1068226667425414,5
5380,4,0,4,2.841426382598204,25
5381,3,1,0,0.8129773163320941,5
5382,3,1,2,1.3323181433105284,38
5383,1,4,1,4.608333868631812,25
5384,2,1,3,1.0365943169405456,16
5385,7,1,3,3.105123349310575,39
5386,2,3,1,1.9556631319688313,1
5387,4,1,0,2.9989098082697563,20
5388,3,1,1,1.557380941035814,6
5389,3,2,3,2.4997075460494704,43
5390,7,3,3,4.403000449167173,19
5391,3,1,2,2.1929764001871037,2
5392,2,0,2,2.08863922100421,35
5393,1,2,3,2.5075313567134936,42
5394,4,1,2,0.9522177990994187,43
5395,2,1,2,2.2430616106462473,18
5396,4,0,2,0.5310511278267451,29
5397,7,1,3,2.7652871531702834,10
5398,4,1,0,4.315734856181432,12
5399,5,0,0,2.9843289677643434,32
5400,8,1,4,3.2347633019270874,37
5401,4,0,2,0.6375351706689487,1
5402,3,1,0,4.367817410522338,22
5403,7,1,4,2.2325159876011638,19
5404,4,2,1,4.88683706273018,29
5405,5,0,2,1.04209416288617,14
5406,8,1,0,4.7510234815335695,1
5407,4,0,0,3.3543090785134537,29
5408,3,0,0,0.7355313513076736,24
5409,1,1,4,4.8726458502652905,3
5410,1,0,1,0.5624288066536886,0
5411,8,2,2,3.7881507591094605,7
5412,5,3,0,4.502884767746425,13
5413,3,2,3,1.2911519940357081,10
5414,5,1,2,2.0451073581401378,23
5415,4,2,3,3.025532032424871,23
5416,3,0,4,3.559141786302334,31
5417,1,0,0,4.423441405075675,24
5418,5,2,2,3.924817118952377,27
5419,3,0,2,2.1349901471852197,15
5420,4,1,0,4.197739153040008,41
5421,9,0,1,4.847345244891559,38
5422,7,0,4,1.5214378155873622,15
5423,5,0,0,0.8334301705449323,35
5424,4,3,2,2.419788793738532,11
5425,1,2,1,4.466286967808979,11
5426,7,0,2,1.1763117719563763,33
5427,2,2,3,4.486091845469045,37
5428,7,0,2,4.96495860681275,19
5429,4,3,4,0.7430100389742036,14
5430,6,1,0,2.7286536823496776,21
5431,5,3,2,1.9799847262096262,15
5432,6,3,3,2.2715593471908995,23
5433,6,2,3,2.5323563855583884,2
5434,2,1,0,3.828667804030354,0
5435,5,2,3,3.1608486642702935,43
5436,5,1,0,4.8254048969755114,37
5437,7,3,4,1.9974406965779032,16
5438,3,0,0,2.9367683711723425,40
5439,2,0,1,4.159978389201637,20
5440,5,1,3,2.1786278764715608,44
5441,7,0,3,2.593846402749093,12
5442,4,1,2,3.5823854870835206,1
5443,5,1,1,4.373348983719379,1
5444,4,3,2,2.3705666169072295,42
5445,6,3,0,2.89377712466033,24
5446,2,2,4,4.888050283808775,27
5447,5,4,3,0.691111228761518,25
5448,3,1,4,2.5170292249679505,34
5449,6,0,0,3.361918330081402,27
5450,4,1,0,0.5379235590295632,32
5451,4,2,1,3.1855392570488656,17
5452,7,0,2,0.7528997959835404,13
5453,1,0,3,4.359012784916825,40
5454,2,1,3,4.131887429788547,8
5455,5,3,4,0.6451481155936831,43
5456,2,0,1,0.7196181105081925,29
5457,5,1,0,3.891262692027211,2
5458,4,1,1,2.1629520166023966,33
5459,0,0,3,3.0876160457224615,32
5460,3,0,2,1.7164772139442277,26
5461,3,1,4,1.2783599424684486,8
5462,1,0,0,1.8323470289640267,12
5463,3,2,0,1.6102116510079463,29
5464,5,1,0,2.5173834720770047,15
5465,6,2,2,3.860042743794588,41
5466,2,2,3,2.993582335671305,25
5467,3,2,3,3.241302385728733,4
5468,4,1,1,2.615353684061379,26
5469,4,2,1,1.9613013809126731,14
5470,4,3,3,1.1457897141221958,27
5471,5,1,0,2.0955445660130043,2
5472,0,1,2,3.493393772962393,40
5473,3,2,3,3.801998403157192,0
5474,5,0,2,2.611316947586961,0
5475,6,1,4,3.4024877356237058,5
5476,8,2,0,1.4474348684791352,10
5477,3,2,4,4.370298443257804,15
5478,4,1,3,4.396714028043911,32
5479,3,0,1,1.941475672726364,23
5480,4,0,3,2.9647050768271725,31
5481,4,1,4,3.2299791278684866,9
5482,5,2,2,2.6259351745308797,24
5483,3,0,3,4.6001396910100425,9
5484,2,0,1,3.8287262605693195,12
5485,5,0,4,3.5262972167392967,0
5486,6,1,3,2.8404194969106826,34
5487,1,1,4,0.8818129847243406,13
5488,6,1,4,0.9851961992904346,20
5489,6,2,0,1.8455398800980864,37
5490,5,0,2,1.4518502076601103,0
5491,3,1,0,4.786389373585974,19
5492,3,3,4,2.344156333932794,4
5493,4,0,1,4.444724473964383,39
5494,3,1,1,4.181358576498042,43
5495,3,3,0,4.156566227316928,31
5496,1,2,1,1.4706838631608319,0
5497,6,3,4,2.5129481585036695,44
5498,5,2,3,1.9307839624121277,40
5499,6,1,4,4.8668495172751385,39
5500,4,1,3,4.4453493558305155,44
5501,6,1,1,1.6246564743789187,1
5502,5,1,2,1.910841623645727,30
5503,3,1,2,2.8800915691002102,25
5504,4,0,4,1.753726033091222,8
5505,2,1,4,4.2103848496411,29
5506,1,0,1,4.18654075057165,7
5507,5,0,2,3.759531970231694,4
5508,3,1,2,3.601895921402194,38
5509,7,0,4,2.9628567837272364,3
5510,8,1,2,2.0620051569874276,39
5511,7,4,4,4.266223037479591,35
5512,6,1,0,4.364744770632976,20
5513,0,0,2,0.7227926098887534,32
5514,3,0,3,2.2937873626583567,25
5515,2,0,1,0.6198241120260103,39
5516,6,1,4,4.277648276148356,38
5517,6,0,2,1.2969196093491884,10
5518,7,0,2,3.5324004416743975,20
5519,2,1,4,2.108191179624665,21
5520,7,1,3,4.172294539544742,36
5521,1,1,2,2.79359105114194,6
5522,3,0,0,1.9598086600320057,41
5523,3,1,1,1.9574180026283319,12
5524,2,2,4,1.9711725908971005,19
5525,2,0,2,4.048606476136864,14
5526,1,0,1,3.7000201947200306,37
5527,3,0,4,1.9364634830593985,33
5528,7,2,4,2.7059364002462134,35
5529,7,3,4,0.8426902348819643,24
5530,2,2,3,4.223751207617404,28
5531,0,0,0,1.6967966424968568,27
5532,3,2,4,4.501513138274135,13
5533,6,1,3,3.1855851185581674,3
5534,9,1,4,3.0551907299721908,37
5535,2,0,4,1.232234340413997,6
5536,2,3,3,0.812909118155074,12
5537,4,1,0,2.9867746144182203,16
5538,4,2,1,2.605951054648508,28
5539,2,0,2,1.0385736510976817,16
5540,6,0,4,4.26014475133184,35
5541,4,1,0,2.3775805362907176,18
5542,2,5,2,1.6720601017589913,25
5543,6,2,4,4.047224419158748,44
5544,3,0,2,4.608788705496217,8
5545,3,4,3,1.876832164350681,1
5546,3,1,0,3.9917744843074123,19
5547,5,0,0,3.4363384565383104,22
5548,2,0,1,4.953775026893413,17
5549,6,0,1,1.417967183350524,25
5550,3,3,2,4.823055475279045,24
5551,3,0,3,1.9187242551945034,16
5552,1,0,2,2.353794341319375,38
5553,4,0,4,2.114716163654907,9
5554,7,0,0,1.7080281368976915,24
5555,4,1,2,3.619501616436321,27
5556,1,1,2,3.1511539432663005,25
5557,1,0,0,1.875613755614434,11
5558,2,2,0,1.0949560543322434,43
5559,4,0,1,1.9281903697994305,18
5560,8,0,1,2.2155409025773243,22
5561,3,0,0,2.2129404940448154,13
5562,4,1,2,2.107667901931657,16
5563,3,1,4,0.719251278004116,14
5564,4,1,2,2.5881489855568263,20
5565,2,1,4,4.262936437603882,37
5566,4,0,0,1.3116483133633332,29
5567,3,2,4,1.1554580454235372,18
5568,7,2,1,2.6233297486016505,31
5569,3,2,0,2.1677135546750517,28
5570,5,1,3,3.025762883210979,21
5571,3,5,4,4.7618343934834515,19
5572,0,2,4,3.923988126497621,37
5573,6,4,3,3.59176168931584,37
5574,7,2,3,2.371716249771554,35
5575,5,0,0,1.793119263717357,0
5576,4,1,2,2.9311884648314637,18
5577,1,1,3,4.484495874475771,42
5578,8,1,4,4.445341297301172,25
5579,4,3,3,2.504817269371477,6
5580,0,2,0,1.6079915895644146,33
5581,3,0,0,1.5140500261289405,35
5582,3,0,4,0.6529478754171896,5
5583,3,0,4,4.291989108331759,36
5584,3,0,4,1.6917711522497958,21
5585,3,0,2,2.11549613452775,8
5586,5,4,4,4.14147263420329,42
5587,9,1,0,1.0401082329780968,28
5588,4,0,0,2.5755533546643474,16
5589,1,2,3,1.050536209645998,12
5590,1,0,4,2.4883185628009605,16
5591,3,1,2,0.7121280813292975,9
5592,2,0,1,2.829302717060548,24
5593,3,2,3,4.080693735821249,17
5594,1,2,2,3.543335036560177,43
5595,5,0,4,2.791260543098302,14
5596,4,0,2,4.229414204671199,26
5597,10,1,1,1.5250458873163686,18
5598,4,0,2,4.238583282429254,14
5599,3,0,1,1.7436356581467924,44
5600,5,1,1,2.131188535403428,6
5601,2,1,1,1.0779359074722161,42
5602,3,0,2,0.9578964036299848,39
5603,4,2,4,4.69450183453511,15
5604,2,2,0,1.354902112332398,23
5605,1,0,0,1.9998326977787644,22
5606,5,3,2,2.8811826452746994,10
5607,6,2,4,2.0654020967140783,23
5608,7,1,0,4.415599775204505,4
5609,2,0,1,4.553216435510476,38
5610,5,1,2,1.9669570582708427,29
5611,5,0,2,0.9141246327502106,15
5612,7,1,3,1.4457120530322967,19
5613,5,5,3,2.6347681433077876,28
5614,4,1,3,1.7981646900517751,16
5615,7,1,4,2.5406250688919525,18
5616,9,1,2,3.9141657487439265,25
5617,3,0,3,2.3928729519905985,14
5618,5,1,2,1.3864885529357238,24
5619,3,2,1,2.1108543826321955,14
5620,1,0,3,3.843415481668399,19
5621,5,1,2,2.4082795409620004,29
5622,3,0,4,1.6229203383696738,20
5623,4,0,4,2.423352376432993,34
5624,6,0,4,2.546630094571969,43
5625,3,0,3,1.833697421496717,5
5626,4,2,4,4.980582901368675,36
5627,8,1,0,3.954317084998958,10
5628,6,1,1,3.616047441293419,22
5629,2,2,2,4.346901430565648,43
5630,3,1,0,3.498886380944507,38
5631,6,3,3,4.059411543748005,8
5632,1,1,2,2.356365400334253,17
5633,2,4,2,2.751672964591975,35
5634,4,3,4,0.7114837248628223,39
5635,0,1,2,1.7629087613396708,35
5636,2,1,2,2.156055841549922,27
5637,4,1,1,3.3146160143869836,18
5638,7,0,3,2.5889507815725654,29
5639,3,1,0,3.2352721809048473,37
5640,3,3,4,3.709973005312468,14
5641,3,1,1,0.6922340045045173,43
5642,6,2,0,1.6622498615162653,11
5643,5,1,0,1.2690674264512958,1
5644,4,1,1,1.3435480362693706,8
5645,2,4,4,2.764064280343962,34
5646,5,3,3,3.829904494249664,0
5647,6,0,1,1.727496652664198,30
5648,2,0,1,4.210021571610705,27
5649,4,1,1,4.5160543274385825,44
5650,2,1,4,2.0774024240915856,36
5651,3,1,1,3.5661044252940135,6
5652,6,0,1,1.0267218233829865,15
5653,3,4,2,3.8481272846861985,13
5654,1,1,2,1.2426074396447846,32
5655,3,1,2,3.593371116969594,5
5656,7,1,2,2.39855001557083,20
5657,6,1,1,4.678053447283434,9
5658,1,2,2,2.5900726182457876,31
5659,3,0,0,0.6390626786041762,5
5660,7,1,3,2.6630106631065362,1
5661,4,1,2,4.079744347369969,38
5662,3,0,4,3.4118794889908246,26
5663,0,0,3,4.848418384766033,13
5664,6,1,0,4.294726205291356,22
5665,4,0,3,2.8694824830390333,38
5666,6,0,3,1.4293425452242916,20
5667,6,0,0,0.5169858341995538,40
5668,2,0,2,4.912260786506157,29
5669,5,3,0,4.7224386423620155,24
5670,4,0,4,1.7336479733383678,23
5671,6,2,0,3.371971038006772,10
5672,4,1,1,3.7815780329876914,34
5673,4,1,1,3.1010605746466773,3
5674,2,3,3,4.29332753677144,36
5675,5,0,2,0.8502109179440619,35
5676,5,3,2,4.534223153675961,12
5677,3,1,1,2.2640855502492143,8
5678,4,0,4,2.6631050970865617,27
5679,5,1,0,2.5013014268975247,15
5680,6,0,0,2.890788003362097,5
5681,5,1,0,3.191758123485891,26
5682,7,0,4,3.6965454484063636,9
5683,5,1,4,2.8622315258384186,22
5684,2,0,0,3.5814796520400063,20
5685,7,0,0,2.0223384961581523,25
5686,1,0,4,4.715063916160941,44
5687,5,3,0,0.7903895890989612,2
5688,6,1,4,2.954932738524921,42
5689,4,0,3,0.893282792097716,34
5690,4,2,1,2.4924516621661867,6
5691,4,0,1,1.6591206094377344,26
5692,0,4,4,4.716065523121914,41
5693,6,0,0,0.5588392387367453,32
5694,3,1,1,2.260416340136557,3
5695,3,0,2,4.019192373681296,25
5696,5,1,0,1.3480763569315959,7
5697,5,0,4,4.170146920998138,19
5698,3,2,2,4.368762895211708,16
5699,2,0,4,3.6860134984059654,4
5700,3,0,0,1.4408113209177684,8
5701,3,1,3,1.7241739546170305,7
5702,4,2,3,1.251206279129129,6
5703,1,0,3,1.3282868174062985,36
5704,6,0,0,0.664215334139189,35
5705,6,0,0,4.357917865392199,2
5706,5,0,2,2.878260293425261,7
5707,5,1,0,1.974916507491732,4
5708,3,2,0,1.8030964822853361,4
5709,1,0,2,2.951133334014139,16
5710,0,2,2,1.9700816980547708,26
5711,3,2,4,4.386730887546566,39
5712,1,0,1,1.4493084576660986,38
5713,4,1,1,4.470358061357837,11
5714,1,2,4,3.488416038515431,27
5715,4,0,3,4.804831492047366,3
5716,5,2,0,0.5679825873606205,27
5717,7,0,2,0.7659300457002042,24
5718,7,2,2,2.7540256727145795,35
5719,4,0,3,4.605704735144218,41
5720,3,1,2,3.7885772818856527,2
5721,3,0,3,3.2996116963369997,30
5722,5,1,4,0.6422097004708269,36
5723,7,0,3,2.0937370478567416,11
5724,2,1,1,2.0563380180628577,36
5725,5,1,3,2.9393855701695757,36
5726,7,1,4,1.6602250070604283,3
5727,4,1,3,1.7022007182999201,29
5728,2,1,4,3.293873600345417,37
5729,5,1,1,4.750553944913705,41
5730,5,2,0,3.4708059663651287,37
5731,3,2,4,3.506585557914658,26
5732,8,1,0,4.93796666024652,21
5733,2,0,4,1.1906517518140556,0
5734,4,1,3,0.6522564839016218,42
5735,4,2,0,3.854812778358342,37
5736,6,2,4,2.4745434493544245,19
5737,4,0,4,2.429705096384028,17
5738,1,1,0,1.5138651936336456,5
5739,2,1,4,2.7808836823356735,11
5740,6,1,0,2.48977554676193,16
5741,5,1,1,2.0545250353084787,21
5742,8,1,2,2.4923532170228846,17
5743,4,3,1,2.227256468253004,9
5744,4,0,0,4.729533611402915,23
5745,4,0,3,4.911132458641259,19
5746,3,3,3,4.279554196302893,11
5747,3,1,2,4.956863409554562,3
5748,7,2,0,1.69573743063131,41
5749,3,0,4,4.293162994635228,4
5750,3,0,1,2.3298305535617945,25
5751,6,0,1,3.8576137899998906,35
5752,3,0,2,1.4062668828371296,15
5753,3,0,2,4.153802403835883,4
5754,2,0,2,0.8755899177061378,25
5755,5,0,2,1.7175096802238166,18
5756,5,3,2,4.1987867758122,5
5757,6,0,2,3.8622164981983316,23
5758,3,0,4,2.7556103974608015,30
5759,6,2,4,3.52756748430594,30
5760,2,1,1,1.3350831102316834,6
5761,4,1,1,3.50493630055826,9
5762,9,1,2,0.5358927530367164,38
5763,4,3,1,4.249471403216777,21
5764,4,2,2,2.823294235995246,13
5765,1,1,4,4.747453032243118,27
5766,0,1,3,2.6517392029525184,41
5767,4,2,4,2.448892770468535,21
5768,2,1,0,2.5252376557901632,31
5769,4,0,4,2.1187787912388325,10
5770,2,1,0,1.2500378772919427,13
5771,3,4,1,4.289282271254775,30
5772,4,1,4,2.2508843349123264,43
5773,4,2,3,2.8809879268498633,3
5774,4,3,4,0.5894911240854639,44
5775,4,1,4,0.7711424272129959,21
5776,4,1,4,3.1873245326503,28
5777,6,1,2,4.45652637131124,34
5778,5,0,4,2.7202812261173355,12
5779,4,0,4,1.242385612722785,19
5780,6,0,3,1.02257291464686,18
5781,2,2,0,4.549046006268157,14
5782,6,0,0,3.6573703430686564,25
5783,4,1,3,4.847879995301557,19
5784,2,0,1,0.8705687960475483,35
5785,10,0,4,4.561757847605359,5
5786,4,0,1,4.305345406370671,14
5787,5,1,3,4.519333323158691,3
5788,6,0,1,0.525933304732128,5
5789,5,2,0,3.838565662372376,1
5790,2,1,2,2.9702215137273753,35
5791,1,1,1,3.079307451912889,14
5792,4,2,2,2.6114089430874006,11
5793,4,2,1,3.842046129866987,39
5794,7,0,3,4.999276807143821,43
5795,2,0,2,3.6974226167337356,40
5796,1,1,1,3.551226872176953,6
5797,6,1,3,3.444969720560364,21
5798,3,1,0,3.6284525143131092,7
5799,1,0,4,2.039506103438746,41
5800,3,1,3,1.9409888464988843,10
5801,4,0,3,4.029520902217278,1
5802,1,0,0,0.7388960780883449,29
5803,3,0,2,3.9166148219152275,3
5804,5,0,1,4.162287133263058,24
5805,1,2,2,2.847190818138205,20
5806,2,0,3,4.595666429358569,24
5807,5,0,1,2.6288934671623303,8
5808,7,1,4,1.3013900064312998,7
5809,6,1,4,2.1262939191800276,4
5810,1,1,1,4.576403776689888,27
5811,2,1,3,4.971822297459742,1
5812,2,1,0,2.3983428514526755,20
5813,2,1,2,1.2508094551714604,7
5814,8,2,2,1.7884817610536203,33
5815,7,1,0,2.989833541312838,22
5816,2,2,0,3.0744316322471597,14
5817,2,1,4,3.33526733012111,26
5818,4,2,0,4.259090176576461,1
5819,7,1,1,3.7004636825961246,27
5820,8,0,4,1.6737810192612812,10
5821,3,0,3,2.277698273132002,20
5822,4,2,4,4.279174627118061,41
5823,2,1,4,3.3502220177256996,31
5824,3,1,2,1.2488812171012558,31
5825,3,0,0,1.9649246183614335,6
5826,7,0,1,4.059909105939056,21
5827,2,2,0,1.2744235549552125,13
5828,6,0,2,3.6097279372435076,12
5829,2,2,0,3.0359144130420788,20
5830,2,0,1,1.163637078805153,21
5831,3,0,0,3.5999551581392137,33
5832,7,2,2,1.1405703679482637,9
5833,3,0,1,2.2929601059935654,0
5834,2,0,0,1.8885196603603414,0
5835,6,1,2,3.605044787091309,23
5836,0,2,2,4.020630604729936,2
5837,2,2,4,1.2574246188016107,30
5838,3,1,1,4.153985341695238,42
5839,3,3,1,0.5324632519755101,40
5840,1,1,0,2.8852634630413982,12
5841,4,0,4,2.825550004436032,3
5842,5,0,1,3.3071964383831887,22
5843,3,0,2,1.5786523865060373,5
5844,1,0,1,0.5443557346859065,33
5845,4,0,4,2.5464331226362975,40
5846,5,2,3,0.8213279506621454,17
5847,5,1,2,4.514872490630907,35
5848,0,1,1,1.2814984656012802,25
5849,7,0,2,2.4135483537439724,32
5850,4,1,0,2.4530017560817265,32
5851,1,0,2,2.9878909152719215,24
5852,8,0,1,4.021395569466788,16
5853,3,3,0,2.624666677289508,2
5854,1,0,0,0.615889702492129,21
5855,2,1,0,3.969996850287903,34
5856,7,0,3,0.8697799157940118,3
5857,4,1,3,3.3869898151648887,27
5858,4,0,0,4.115432788933529,12
5859,3,2,1,1.772105776164697,29
5860,2,1,0,2.5209791675781403,11
5861,5,2,0,0.5645112898361748,2
5862,2,3,2,4.117438398154484,20
5863,4,1,2,3.664674904643687,39
5864,6,0,2,1.5412432747452938,0
5865,3,3,4,2.256017890396052,17
5866,5,0,2,3.628924258105001,12
5867,3,0,2,2.11173404833043,6
5868,4,0,1,1.230866490009649,12
5869,2,0,3,2.833274879950587,16
5870,8,1,3,3.756054066288979,44
5871,4,1,3,1.9436427815132564,31
5872,5,0,4,1.0479752224000602,28
5873,3,0,0,4.232948728153895,44
5874,4,1,2,1.637608399012054,29
5875,6,0,1,2.8076672934797293,10
5876,3,3,4,3.6110441727015936,13
5877,5,0,3,1.9268384017739935,9
5878,6,3,4,3.4188644181758825,7
5879,4,0,1,2.568692778986877,30
5880,3,0,4,3.0669649480573073,5
5881,5,1,3,3.1575924662762422,18
5882,2,1,0,4.2086780910359884,18
5883,7,1,3,3.453468230459014,11
5884,4,1,3,1.6893801148298473,38
5885,3,2,3,0.7682195351230081,17
5886,2,4,4,0.5089349483380974,2
5887,2,0,1,4.569878231451479,8
5888,2,0,3,4.7394952331099285,5
5889,0,2,4,0.9235016944910057,0
5890,5,1,1,2.691741282270116,41
5891,4,3,0,1.182178415572405,39
5892,1,1,3,4.769370890168381,28
5893,3,1,2,1.6107463257013568,34
5894,9,1,4,2.757411930186495,34
5895,3,2,0,1.2452908627981254,29
5896,5,0,0,1.9974248802637804,34
5897,7,2,0,1.700628624172314,38
5898,6,1,4,2.639417193374835,21
5899,4,0,1,2.389018829099668,42
5900,4,3,2,1.9885900757016888,27
5901,6,3,1,0.9764492794178543,17
5902,3,1,3,2.6801915990312666,31
5903,2,1,2,4.325936081411985,4
5904,4,2,1,3.7860050146350472,33
5905,0,1,3,3.7425869787320125,30
5906,5,0,2,2.1474128153538894,32
5907,3,2,4,3.6878858630692313,3
5908,5,0,3,2.5948916662996337,13
5909,4,1,1,1.1762424087717618,14
5910,1,0,2,2.3857238749012293,19
5911,9,0,3,1.0973238396421885,19
5912,4,0,3,1.0151726850794116,34
5913,2,6,4,0.6037668880592483,3
5914,6,1,3,1.7728443543623744,17
5915,5,1,2,1.9889365290887517,23
5916,6,0,0,3.647496708223217,26
5917,6,1,2,2.9210215319815265,32
5918,5,2,2,4.363023704239904,24
5919,2,2,4,1.2941178201754542,4
5920,2,2,4,1.6968049063691633,17
5921,4,0,3,4.734842500145371,44
5922,4,0,4,2.4982036150091647,19
5923,8,0,3,4.050729243718951,34
5924,3,0,0,2.714754418922701,5
5925,2,1,1,2.6198854566158642,26
5926,0,1,4,1.1665232961333907,27
5927,5,1,4,4.330398249268638,10
5928,3,2,0,0.8525987624643558,8
5929,3,1,4,1.8961749259386869,27
5930,1,0,0,3.5306063227408075,18
5931,3,1,3,2.782658978636134,38
5932,4,0,4,4.466202471371913,20
5933,3,1,4,0.6768407875456217,30
5934,0,1,3,3.422333837748786,41
5935,1,0,4,2.648594617822062,6
5936,5,1,2,1.1944032056044291,36
5937,3,2,0,3.844633582006671,24
5938,1,2,1,2.350880849327108,27
5939,8,1,2,2.892118569065076,35
5940,8,2,1,4.852697298633988,16
5941,1,2,2,2.6880353646133486,25
5942,5,2,2,4.205177895013892,27
5943,2,0,2,3.963098855035599,36
5944,7,3,0,3.4823956618120957,16
5945,1,0,1,4.535654645076502,16
5946,3,1,3,1.6322074112173142,32
5947,7,0,3,4.193470541604484,33
5948,6,0,4,2.2000436977880415,22
5949,2,1,0,4.156209005365496,29
5950,3,0,0,2.7220490804548,26
5951,4,2,0,4.359691638244561,8
5952,3,2,2,4.526795919618438,19
5953,4,0,0,3.1893974405785195,22
5954,2,1,3,2.784321305740602,18
5955,4,1,0,4.024760644995504,36
5956,3,1,2,1.7014379143062799,44
5957,6,1,1,0.5690690656201149,3
5958,7,1,0,2.331925622396463,12
5959,3,0,1,2.7849835980354958,37
5960,4,0,4,1.8376822374744042,11
5961,2,1,2,2.225128467819953,8
5962,2,3,0,1.0987620481224258,14
5963,4,3,4,1.747804565155073,20
5964,1,3,4,1.580429065615581,14
5965,4,0,1,1.8544408422204657,4
5966,3,1,3,1.845743497432936,4
5967,11,0,3,3.0153576697142603,24
5968,3,1,3,1.6276862308823272,23
5969,4,0,3,4.734325685029498,36
5970,10,1,2,2.800736736635007,30
5971,5,2,0,1.0803470288439534,33
5972,3,1,0,1.7582282173592776,40
5973,3,2,2,3.783908732610443,13
5974,3,1,1,0.5614656727132736,26
5975,3,0,0,4.72018093788628,3
5976,3,2,4,2.5032961477661275,22
5977,1,2,0,2.8448556032794854,37
5978,4,1,2,4.947855061277876,4
5979,6,1,1,2.765313886996992,26
5980,3,2,0,4.764847975078877,42
5981,4,1,2,4.618540021069194,13
5982,3,3,4,4.735919878997957,6
5983,4,2,3,4.155678758715638,44
5984,4,0,4,1.8337913805097905,17
5985,6,1,4,2.0587211770369165,31
5986,3,0,1,2.142428306812884,1
5987,6,0,0,4.906313778254878,40
5988,3,0,3,2.1233997678746688,42
5989,0,0,2,0.9891018914827122,19
5990,6,1,3,4.0024800258581825,28
5991,4,0,0,2.1472848121192363,42
5992,7,1,1,3.2942116027662953,25
5993,4,2,0,4.659621855187852,37
5994,7,1,2,3.0897750955011993,0
5995,1,0,3,3.369650802610496,4
5996,2,2,4,3.392881540093112,13
5997,1,2,0,3.2557963359133186,24
5998,4,1,1,1.2189621986642933,8
5999,7,3,1,2.5538693663693994,29
6000,2,0,3,0.534488089896763,18
6001,2,0,4,3.3181916183389992,39
6002,9,3,2,3.089112327618075,7
6003,4,1,4,1.9316174865836948,15
6004,3,0,3,2.8575297642659168,7
6005,9,1,4,2.718760018586345,22
6006,2,1,3,1.6291184717401304,8
6007,3,2,4,1.8197939664166682,31
6008,3,0,0,3.931434484829378,36
6009,2,0,1,3.90079543631778,33
6010,2,1,3,2.6140196760792906,17
6011,6,2,3,3.728790285871908,44
6012,1,1,1,2.5286057610392128,43
6013,10,1,2,4.331183157032594,14
6014,4,1,3,1.99763006993876,14
6015,4,1,0,4.672816249304304,28
6016,4,2,4,2.940276427541019,22
6017,1,1,0,2.9105953748588784,22
6018,6,1,3,3.5186467294671964,0
6019,3,0,2,2.0338520486660796,21
6020,2,4,3,3.7594830690821044,6
6021,2,0,2,1.9419129618535398,44
6022,2,0,1,2.288924734814535,31
6023,6,1,4,3.5361654655687556,27
6024,10,3,0,2.2030209558562164,31
6025,3,1,2,1.3998835520962731,32
6026,4,2,0,4.423556564489781,42
6027,3,3,1,4.649699213572488,12
6028,4,0,3,3.3202897241335183,27
6029,2,0,2,4.15017847039034,8
6030,9,0,4,4.9399355964863885,42
6031,6,1,2,3.266486383189216,2
6032,3,1,3,4.589566894625061,16
6033,4,0,3,2.116646373741564,33
6034,2,3,4,3.6521259614923376,31
6035,3,3,4,0.7511245983358086,8
6036,5,1,1,4.050372000245652,40
6037,2,1,0,4.234114151283054,0
6038,4,2,2,2.3052894641329633,41
6039,2,1,1,3.3752975714479834,19
6040,5,0,0,4.362624960765614,4
6041,3,2,1,4.476236740290727,39
6042,4,3,4,0.9793918594247043,44
6043,5,0,4,4.223694859398038,20
6044,1,0,3,1.7340950836674511,4
6045,3,0,2,3.772881033519845,3
6046,3,1,2,1.9632386907164991,7
6047,2,0,2,0.7534835178375971,24
6048,5,1,1,1.444418194329984,6
6049,2,1,1,2.339022991221878,36
6050,6,0,2,3.835528790274691,41
6051,2,0,3,0.9531663229056092,31
6052,3,1,0,4.158203562050719,16
6053,6,0,1,4.986279913830848,27
6054,6,1,2,4.047159394306064,5
6055,2,4,4,2.6318143401299663,41
6056,3,2,1,3.056720948806759,41
6057,3,0,0,0.5277222873620355,35
6058,6,0,1,1.4417322703492885,1
6059,0,0,0,4.5454465915702045,30
6060,1,0,0,0.5977823123083363,0
6061,7,0,1,4.571577288036418,2
6062,6,4,0,1.0096367365767533,12
6063,2,2,1,1.0988335848147543,30
6064,7,0,1,1.289074598856151,28
6065,2,0,3,4.097233962298383,43
6066,7,0,4,2.651839589040707,32
6067,4,0,0,1.1533848360351906,9
6068,2,0,1,3.5906081884939622,37
6069,6,0,0,4.733097648465998,8
6070,3,0,1,3.0760316341136233,0
6071,4,1,1,0.9441500257424232,43
6072,1,0,1,0.7463777277989291,36
6073,3,2,4,4.081425619440923,31
6074,4,1,0,3.3173764356849573,32
6075,3,0,4,4.651958026060706,1
6076,2,0,4,2.962625679715946,1
6077,5,1,4,0.7807793145937402,4
6078,1,1,4,2.316590824993926,9
6079,2,1,3,3.46095809866138,37
6080,1,1,0,2.2319840792176837,36
6081,6,1,0,4.998161285331048,1
6082,1,2,1,2.3242037615318525,40
6083,2,2,0,2.9580625690139755,41
6084,6,0,4,1.5142641468065576,39
6085,3,1,2,1.1846219193598628,24
6086,2,1,0,3.4038749235346293,37
6087,3,1,2,3.1487573611205697,36
6088,2,1,3,0.5195248583282792,17
6089,8,1,1,1.7815169065898397,26
6090,13,1,1,3.3961080785581146,19
6091,3,1,1,4.155122055796023,33
6092,6,1,3,1.9056589386792993,43
6093,0,2,4,3.413463661799842,7
6094,4,0,2,1.693660685678808,3
6095,3,0,0,3.606709525831563,29
6096,1,1,4,3.640765993981081,35
6097,3,2,1,1.0860055948381553,8
6098,3,1,1,3.492904027896522,40
6099,6,0,4,2.0010523175616637,11
6100,6,2,2,1.2766771921668232,13
6101,3,3,4,2.751625547481984,34
6102,4,3,3,2.5353350775892456,5
6103,7,2,1,3.9824366497789865,22
6104,3,1,2,0.8803197912254834,3
6105,6,0,0,4.053889709743014,0
6106,4,1,1,0.9773706294918305,8
6107,5,2,4,1.4335656263557786,8
6108,2,1,2,2.8214695324835195,43
6109,6,2,1,2.58428570010091,14
6110,6,0,0,4.949865386303217,23
6111,2,0,0,3.152631709680977,7
6112,2,2,4,1.9734601786111126,27
6113,2,1,3,4.550669908447935,41
6114,4,2,4,1.9049673055212666,16
6115,5,3,2,1.7319903583473053,34
6116,3,0,4,2.7246730783948676,30
6117,1,0,2,4.6092865301288555,3
6118,6,2,3,3.688314148664774,13
6119,2,1,4,3.5486744696029873,24
6120,7,0,0,3.767347692674433,39
6121,5,1,2,3.468382748491497,6
6122,3,0,2,3.9190836185057565,30
6123,3,1,0,1.3674290977811006,34
6124,4,1,4,1.2976622904272066,37
6125,4,2,3,2.129735047061317,19
6126,3,2,1,4.329319004581246,15
6127,5,2,4,3.715043969735194,21
6128,3,1,4,3.0491300427924615,35
6129,6,1,2,0.5875134686515393,18
6130,5,0,2,1.5611102777113994,1
6131,4,1,3,4.115812741474546,3
6132,2,1,3,1.591190118878984,33
6133,5,1,3,3.786305887359263,6
6134,5,0,0,1.330854192184478,13
6135,6,1,1,3.2286540118971137,42
6136,3,3,1,3.3269511501522575,31
6137,8,1,3,3.8838480155891673,16
6138,6,0,2,2.4725408040303796,36
6139,5,0,1,3.3470361458846263,13
6140,4,0,4,2.6913640492412823,16
6141,4,1,0,4.763021204292408,31
6142,9,3,2,2.848463271583283,1
6143,5,0,0,1.4431904740768453,38
6144,8,0,4,3.5055164711238636,3
6145,3,0,1,2.968102976937861,39
6146,5,0,0,4.11723273749066,29
6147,2,1,0,1.2961021891695963,29
6148,5,0,0,1.6742282120325718,32
6149,3,2,4,4.647330983289749,41
6150,5,1,2,4.685117509608332,0
6151,4,1,2,2.4901554491370095,32
6152,4,0,4,0.7148803195329345,35
6153,6,0,0,1.8794978088168186,30
6154,2,0,0,1.6120519448957515,36
6155,3,1,3,2.366045833977148,13
6156,5,0,1,1.930102784953644,5
6157,7,0,1,4.230465547336044,6
6158,3,1,2,0.5136620860645431,39
6159,1,0,4,3.400843340801742,23
6160,3,1,0,3.4892160132021948,3
6161,5,0,1,3.472819588800693,24
6162,4,0,4,2.842676062315564,2
6163,5,2,4,3.2499683289941133,27
6164,2,0,0,4.147224401916906,22
6165,2,0,4,4.028885504097715,35
6166,5,2,1,0.6558141973028468,12
6167,4,4,3,0.6369644108178899,21
6168,3,0,1,4.27525165746721,24
6169,10,1,3,3.086283593887533,42
6170,5,1,4,4.808423008711365,23
6171,4,1,1,2.4421621861241407,42
6172,4,1,0,1.295338196280847,36
6173,6,1,4,2.6295571057451412,32
6174,4,2,0,2.464449385826854,13
6175,1,0,3,2.8272982164733236,23
6176,2,1,2,4.135762552446275,21
6177,3,2,2,3.4501279457154923,36
6178,7,1,3,1.3337389732971867,22
6179,4,1,2,3.805147653597776,5
6180,3,3,4,3.163532959752942,18
6181,9,0,4,3.102398287419566,11
6182,5,2,1,3.552155970960358,25
6183,3,0,4,3.0378445639543927,28
6184,3,0,2,2.55881181352142,13
6185,3,1,0,3.3817112726634324,16
6186,5,0,1,3.756771812977588,29
6187,3,0,0,1.5159512427403576,6
6188,5,1,2,2.7367245240715063,20
6189,5,1,0,2.561776084693056,0
6190,2,2,2,0.6795647177507973,37
6191,2,0,4,4.254973953908026,3
6192,2,2,1,2.1982191077229096,7
6193,1,0,3,0.8271015494054396,17
6194,4,3,2,2.560545936844166,44
6195,1,1,4,1.2266636274121878,7
6196,4,0,0,3.669864865855992,30
6197,8,2,4,3.072972088254432,30
6198,3,2,0,1.7155121314007085,27
6199,3,0,0,4.777132366179384,36
6200,3,1,0,1.8128540671501132,2
6201,5,0,0,2.9974860813961435,44
6202,3,1,1,4.1070552093097215,14
6203,4,2,0,2.812515340795196,3
6204,8,2,1,4.823850540988783,34
6205,5,0,3,4.297345551407815,33
6206,5,2,1,4.644585563004032,35
6207,1,0,0,2.1771616268949754,5
6208,5,1,3,2.9675993783506636,3
6209,7,1,4,4.280748329720303,29
6210,7,0,1,4.565750154362356,38
6211,2,2,4,4.749636100858346,17
6212,3,0,3,4.456183969758901,21
6213,2,2,1,3.788397068338554,9
6214,3,1,0,0.608966624893685,28
6215,7,1,1,1.917290522639584,22
6216,3,0,0,1.080213282020437,3
6217,4,0,2,1.1964137060306674,18
6218,4,0,1,1.809082343223014,25
6219,7,1,1,0.8363320573484867,6
6220,1,0,4,1.59364315545897,12
6221,4,2,4,4.8064047644261345,2
6222,4,1,3,1.903746103646881,39
6223,5,2,0,1.218708814658106,10
6224,1,1,4,3.732350811889135,15
6225,1,1,3,4.228273175235124,19
6226,2,0,0,1.913170323184176,22
6227,1,3,0,1.753237897602669,22
6228,4,1,0,1.5879179655726507,31
6229,2,1,2,2.26967557579868,40
6230,1,0,0,0.8925429102750131,41
6231,3,0,3,3.5110815195029286,37
6232,2,1,0,4.2000184636540645,2
6233,2,1,0,3.486570258826481,7
6234,4,0,3,2.395398604518718,37
6235,5,2,1,1.8003301130490765,39
6236,1,0,0,2.3425077403020813,13
6237,1,1,3,2.40726868199262,7
6238,4,1,4,3.497093728126282,10
6239,5,1,3,4.676271600427542,41
6240,4,1,2,0.817639202515725,41
6241,2,2,4,4.7900911679763,42
6242,3,0,1,4.595905776029155,32
6243,7,0,1,1.0297953515429998,14
6244,2,2,3,1.3261326398840023,36
6245,6,1,3,1.902180206511153,13
6246,9,2,0,3.0184971843433637,25
6247,4,0,0,1.1051428823537597,7
6248,4,2,2,1.4015072897234915,3
6249,2,2,0,4.562038822728557,35
6250,3,0,3,0.991852838469166,17
6251,4,0,3,2.2949521931270276,26
6252,3,2,0,3.9335079994641893,18
6253,2,0,2,4.498624026008321,2
6254,1,2,3,2.0121915316850956,8
6255,4,0,2,1.2399687741090477,38
6256,3,1,3,3.8165524659300267,1
6257,4,0,2,3.9765099140292945,8
6258,4,2,2,4.910150498272449,5
6259,4,1,2,1.127938331495319,37
6260,4,1,0,3.6923939720120793,27
6261,4,0,1,2.3778164198059484,33
6262,5,1,2,4.615832469053545,28
6263,1,2,2,2.335238979500236,2
6264,6,2,3,2.5068216900319973,15
6265,2,0,1,1.0705846918403037,43
6266,2,1,3,1.9442155329089594,34
6267,5,0,3,2.303782116765279,10
6268,4,0,2,0.5787893947003292,42
6269,6,0,4,2.4690851079927305,22
6270,7,1,1,2.0134334807028784,29
6271,3,0,3,4.117278811102214,4
6272,0,2,4,0.9820067605060682,7
6273,5,1,4,3.92095007115301,42
6274,10,1,3,3.7130519447453034,42
6275,9,3,2,1.5880204750239768,9
6276,5,1,0,0.874722507538087,27
6277,5,4,3,4.288250505900632,35
6278,3,1,2,1.6224351923521105,9
6279,2,1,1,1.155020538681942,13
6280,5,4,2,2.1156647086093643,37
6281,4,0,4,2.3039727064657343,36
6282,4,1,1,1.9673959090103963,4
6283,3,0,1,4.8941650062812805,5
6284,2,2,0,4.463693011833575,29
6285,3,3,0,4.428389734065899,18
6286,6,1,3,2.2944541573434645,13
6287,8,0,2,4.83291337882322,10
6288,2,2,3,3.5780688333126394,4
6289,2,1,0,4.243976009172846,44
6290,2,2,4,2.7539380627446293,30
6291,4,2,0,1.2227778193970855,43
6292,3,1,2,4.4909847724310445,31
6293,4,1,4,2.6889203271747846,23
6294,5,1,3,4.858497090883386,9
6295,6,2,3,1.64687455131136,12
6296,5,2,0,4.96570546144051,12
6297,5,0,0,1.5009110688746707,35
6298,5,4,3,2.1567504111056124,21
6299,4,2,3,3.1730743531621672,8
6300,3,2,1,3.619953766330228,18
6301,4,0,2,3.7412697605288323,6
6302,7,0,1,2.6431358401749763,14
6303,3,1,1,0.8457213058884585,16
6304,5,0,3,2.7322166827224557,13
6305,4,2,2,2.006095786413783,40
6306,4,0,3,3.4594502405842547,1
6307,2,2,1,1.320240128745702,13
6308,4,1,1,2.2726054613810875,3
6309,6,0,3,4.8475361930024,2
6310,3,1,0,0.8999032965363608,2
6311,4,2,0,3.2105037107352214,10
6312,7,3,3,0.9079170307184109,4
6313,4,3,4,1.206480451729819,28
6314,4,0,4,3.2222047487587573,27
6315,4,1,0,2.497979851600039,22
6316,6,1,2,2.9682454862757672,29
6317,5,1,1,4.459424767677917,22
6318,2,3,2,4.177581091299376,40
6319,1,0,0,4.495916522428308,21
6320,5,0,3,3.2731471437719555,42
6321,3,1,4,2.703394263713064,11
6322,3,1,0,2.5663891180100986,26
6323,6,1,2,3.829138503000998,39
6324,3,1,2,2.8458494524623332,14
6325,2,0,0,0.9759595831799845,22
6326,3,0,1,1.138725608262176,43
6327,2,0,2,2.1068724547125615,40
6328,7,1,1,0.8052051738703492,43
6329,3,0,1,1.576540487569686,18
6330,5,1,3,3.453803839460959,43
6331,5,0,0,0.5559364053376095,10
6332,4,1,0,3.218417895116741,37
6333,3,1,1,3.9756061544082355,39
6334,2,0,3,1.265691881889938,42
6335,3,1,2,1.3143585344108388,2
6336,3,0,2,0.629853649310663,15
6337,5,2,0,2.8060251747505767,31
6338,7,3,1,3.4456440059272273,37
6339,7,1,3,2.556093119380785,8
6340,7,1,3,2.252519643317953,40
6341,5,0,2,2.5448576778215024,37
6342,4,2,2,4.016876984260948,4
6343,6,1,4,0.6508143830541154,0
6344,2,1,4,4.0271835237467375,34
6345,4,1,1,3.4985395205005605,34
6346,4,1,4,1.5864194937083895,11
6347,3,0,3,2.8613287680808197,35
6348,2,1,4,0.7218080179360004,20
6349,3,1,0,2.2081490165268556,42
6350,7,1,0,1.283191155847107,7
6351,1,2,2,0.600351737092943,26
6352,0,1,2,2.1069027399468467,8
6353,5,0,1,3.7675058782749606,27
6354,4,0,0,4.644598403112819,29
6355,6,2,1,3.4801858089079243,13
6356,2,1,1,2.308865576586757,22
6357,3,1,4,4.997732505808449,28
6358,4,2,2,1.7732457864509463,25
6359,1,1,1,1.3420914471868124,21
6360,1,1,1,2.5865702115166314,14
6361,4,1,2,2.772101369488135,8
6362,3,2,2,2.096705210194968,25
6363,5,0,0,3.6297458557039404,16
6364,4,1,2,1.327389853676977,8
6365,7,0,4,2.7965289188786273,2
6366,3,2,0,2.750571313253547,15
6367,1,1,1,4.207038902067376,12
6368,6,3,4,4.671356894423622,25
6369,1,1,4,3.484696431697968,16
6370,2,0,0,1.874172156505885,31
6371,1,1,1,3.6032495894073095,23
6372,4,2,0,1.6311700815822543,35
6373,2,0,3,4.849449757157919,21
6374,5,3,3,4.200629535872208,8
6375,3,0,0,2.4403561495971706,21
6376,4,0,1,4.0295458271371825,40
6377,6,1,1,2.3389504041285867,19
6378,3,2,2,0.8357457145088654,2
6379,2,3,4,3.6804599285027244,35
6380,3,4,0,2.3207622486279824,32
6381,4,0,4,4.6864391755273775,17
6382,3,0,4,1.8795254644817898,35
6383,4,0,3,4.2949976965456695,9
6384,4,0,3,3.561970303430439,35
6385,3,1,0,4.339960772575511,20
6386,2,2,0,1.8134684469209998,24
6387,5,0,1,2.5760543149338986,39
6388,6,5,0,4.204080550559436,8
6389,5,0,1,3.3971846863304003,26
6390,4,1,1,2.119648547729006,14
6391,2,2,0,2.80398031569185,31
6392,4,0,1,4.98244142463474,43
6393,5,1,4,3.8383159793624686,38
6394,1,1,1,3.2653519375101308,15
6395,5,4,4,4.225601211950821,27
6396,1,0,4,2.4891365244747656,5
6397,1,0,4,4.775288020910084,5
6398,3,2,2,2.984095529130615,37
6399,4,1,2,1.9709246733182983,1
6400,6,0,1,0.8870898990723453,40
6401,1,1,0,2.1906284866125056,39
6402,3,0,1,3.058872696664567,6
6403,3,1,2,3.664616624299599,26
6404,5,0,3,4.43802511809983,27
6405,8,1,3,4.747823758957167,15
6406,1,0,1,0.9610423078150748,8
6407,4,0,2,3.2040724369901668,14
6408,1,0,4,3.499653421233617,33
6409,2,0,2,1.2742871764701147,19
6410,1,1,1,2.9552030611853675,13
6411,3,0,2,2.006751360111238,10
6412,3,0,3,0.8483779939366103,29
6413,6,0,4,0.7963969602521399,2
6414,2,1,1,3.9164584119946255,1
6415,4,0,1,3.269549533424097,13
6416,5,1,0,3.7180475520366585,28
6417,5,0,4,3.5837516954137696,4
6418,7,1,1,1.1044053490063401,43
6419,7,0,2,1.1820436543567738,5
6420,7,2,2,1.6361767589320242,7
6421,4,0,2,2.295952641341104,38
6422,0,1,2,4.726293012219344,38
6423,1,2,1,3.5325156262232498,43
6424,3,2,3,1.6482737050251557,28
6425,2,2,4,0.7519284582230297,38
6426,4,2,2,3.5790076886286792,43
6427,7,2,1,3.3139331186722343,26
6428,7,1,1,3.540935382629616,15
6429,7,0,2,1.6753084432636092,26
6430,2,0,0,2.826334477514135,38
6431,5,2,1,2.1276626062617003,39
6432,9,1,4,4.179645225255854,0
6433,1,2,4,0.8122849795340056,44
6434,1,0,0,1.7394880524873615,32
6435,1,0,1,3.213291848766661,38
6436,2,0,0,1.4235069968330967,26
6437,1,1,1,3.5272104618779347,16
6438,6,3,1,1.1154762644006886,14
6439,2,4,0,0.6026553134361641,21
6440,6,0,3,4.385725397803041,18
6441,9,3,2,2.000499806332761,27
6442,4,1,2,1.2058204237746455,22
6443,1,0,2,1.2771906158560993,35
6444,4,1,0,4.486529273155542,38
6445,2,3,1,3.4449413276606546,19
6446,7,1,1,4.803558199655405,8
6447,5,4,4,4.100181455200579,22
6448,7,0,1,3.9539420826267615,44
6449,5,0,3,2.74919296808787,6
6450,5,3,2,4.193622044177655,30
6451,7,1,3,2.3569364229883325,10
6452,3,0,2,4.221502236645595,39
6453,3,1,0,3.9098358125920525,16
6454,6,0,3,3.55297381518223,35
6455,3,1,1,1.9837228368355548,25
6456,6,1,2,3.338202367888521,35
6457,4,1,4,2.7805443114878563,17
6458,6,1,3,2.5769429011665936,30
6459,5,2,0,4.95610850022564,34
6460,7,0,4,2.7697902342371155,40
6461,5,2,0,0.6439379243165017,27
6462,4,1,2,3.3191054108685236,25
6463,7,0,3,3.776048802624371,5
6464,3,1,0,4.483327411925348,33
6465,2,1,4,3.3470812702527213,27
6466,4,1,4,0.5875570273932897,43
6467,6,2,1,1.0388495111503642,8
6468,5,0,0,1.2255802212110618,28
6469,2,2,3,1.4506760886207966,33
6470,1,0,3,4.098996037197514,11
6471,3,0,1,1.8939202250412719,15
6472,8,1,4,1.9056304524688727,6
6473,7,2,0,3.900143484399777,30
6474,3,1,4,2.3559645853461024,32
6475,4,0,0,0.7908778937921135,6
6476,3,1,0,3.1330690059228576,2
6477,0,1,0,1.0853045892709252,19
6478,4,0,4,3.072489259861306,4
6479,5,1,4,4.008371484298552,2
6480,5,0,4,4.68270336797273,37
6481,3,2,2,0.801736731271574,14
6482,2,3,4,1.867849626931208,34
6483,4,2,1,3.43608792353585,22
6484,7,1,2,1.9195385128015512,32
6485,0,1,0,2.529615250368674,1
6486,8,3,3,0.5904088814493322,35
6487,3,1,2,3.6207410277282803,20
6488,6,2,2,4.474760591804058,13
6489,2,0,0,4.895868415158297,13
6490,1,1,4,4.237400070300934,41
6491,4,2,4,0.6429931809074519,10
6492,5,0,2,3.433342856795643,3
6493,0,0,4,2.730466608412414,29
6494,4,1,2,4.720529719462619,35
6495,4,1,3,4.559624891122933,19
6496,2,1,3,4.946207784719933,15
6497,4,0,0,4.3787040091775715,33
6498,3,1,1,2.961014602357178,44
6499,2,1,1,3.7170523193454756,7
6500,3,2,4,4.84104756364943,44
6501,4,0,1,3.1015252749496662,19
6502,7,0,3,4.279906341555185,20
6503,5,1,0,4.73994444254927,39
6504,7,2,3,3.067419610619573,29
6505,4,0,2,1.216194107360796,35
6506,4,0,4,1.2000352691309648,4
6507,6,0,4,1.0189272837558192,20
6508,4,1,1,2.6434543112372313,37
6509,6,2,2,2.660637102227394,22
6510,2,1,1,3.2781703476704167,18
6511,5,0,1,2.6729276635433594,9
6512,3,0,1,4.878747569678112,26
6513,2,0,2,1.8108986926952884,34
6514,3,1,1,4.432174814950943,12
6515,4,0,4,0.951486924277376,8
6516,1,2,1,3.208629551165288,16
6517,5,0,2,3.417463478117901,30
6518,6,2,2,3.9750355695940294,41
6519,1,2,3,2.763599958253403,43
6520,2,1,1,1.3875182916138615,44
6521,2,0,2,2.16048925653548,23
6522,5,1,1,1.7247268242303315,41
6523,4,1,0,2.38597482035841,18
6524,4,1,4,2.884857384707151,29
6525,5,1,4,3.312816311197622,4
6526,6,3,1,4.303048752125431,7
6527,5,2,4,4.5950464447716,36
6528,4,0,4,2.581615782056155,35
6529,2,0,0,0.8990214681031428,24
6530,6,2,4,4.086793353207742,44
6531,2,1,4,2.6472097631317553,4
6532,4,1,2,2.959009706170675,32
6533,4,0,4,3.181073629878223,21
6534,9,1,1,3.505404914338956,41
6535,3,2,4,4.505453870146285,24
6536,4,0,1,4.784657878445859,42
6537,6,4,4,4.730761935762291,28
6538,1,1,1,4.142586435273655,44
6539,6,2,4,4.501590141127113,29
6540,5,1,1,0.7234464602676108,29
6541,6,1,4,4.321006999045959,43
6542,4,1,0,0.8251935658431104,30
6543,3,1,2,3.85787258413838,33
6544,4,1,2,1.2621362971714916,27
6545,6,1,2,2.1204970061537494,9
6546,3,1,2,1.3288265561941752,3
6547,3,1,0,2.4955773648677484,32
6548,6,3,0,2.3528634971747904,16
6549,4,1,4,0.7162827978773474,10
6550,1,1,0,4.237240752962375,6
6551,5,1,2,4.343839231074913,16
6552,1,1,3,4.04378259802248,27
6553,4,2,4,4.31422971454071,16
6554,5,0,1,3.878955658900817,40
6555,6,0,2,4.718680004179147,9
6556,1,2,2,3.093765125899123,25
6557,4,0,2,3.1218914596378378,5
6558,4,3,0,4.369594587913362,16
6559,5,0,1,2.0723699602336856,15
6560,3,1,4,0.7253705939115696,38
6561,2,2,2,3.874349279291732,25
6562,5,0,1,1.645651307346632,3
6563,7,0,3,2.634061154134821,19
6564,3,1,0,1.5819792605352465,40
6565,5,0,2,4.221908834126893,10
6566,3,0,1,4.812318342857647,22
6567,1,1,1,0.7476039662026452,32
6568,11,1,2,1.5501723415865076,30
6569,4,1,1,1.3530295571688955,6
6570,6,1,1,3.529415807336599,21
6571,3,0,4,2.42905279898904,4
6572,4,1,0,2.5531774858140235,36
6573,8,0,4,1.2068558797115436,0
6574,5,2,0,2.36630588688408,5
6575,2,1,0,1.8645272628052212,44
6576,7,2,4,3.2503591160180534,3
6577,4,0,2,1.477572029315426,29
6578,1,0,1,3.2666510350672135,29
6579,10,1,3,2.1998533633651625,16
6580,5,1,4,2.0583255291277838,23
6581,2,0,4,1.8750048537245614,30
6582,3,0,2,3.532250723116235,27
6583,2,0,1,3.0308828244483914,44
6584,2,1,4,4.3327476500096385,42
6585,2,1,3,1.5872457990892548,3
6586,5,4,1,0.6805381073506049,38
6587,5,5,4,1.3191056682705953,18
6588,7,0,4,2.045103639479944,23
6589,5,0,0,1.3084474563883337,6
6590,4,1,0,0.8757980487786204,8
6591,5,1,4,2.504023129263059,21
6592,3,1,2,3.546201486885977,1
6593,4,2,0,3.882068451292899,26
6594,4,1,4,2.294272961233716,15
6595,6,0,1,2.6512006754617174,4
6596,2,0,3,3.8996172201866024,11
6597,4,1,0,2.087185236387553,25
6598,4,1,4,4.031447950705877,14
6599,4,1,0,4.853192295195365,2
6600,5,2,1,4.462162805036212,8
6601,2,2,2,2.541179015091622,27
6602,6,1,4,3.1078332270001616,38
6603,3,2,1,3.7239187399522993,35
6604,3,1,3,2.0718519909628133,24
6605,1,0,4,4.096571449893286,40
6606,3,2,3,2.4661264787623893,27
6607,3,0,2,4.3107870114519535,20
6608,3,1,4,1.6463025271672946,28
6609,5,0,4,0.5512012534977453,24
6610,5,0,1,3.3470977818756875,29
6611,9,3,0,2.5335010287190656,38
6612,6,0,4,0.7692040265790212,10
6613,3,0,2,2.69425558882884,18
6614,6,1,4,1.2585643043968169,10
6615,4,1,4,3.333871232064785,24
6616,3,0,4,2.5027050994021605,0
6617,4,1,4,1.2700613835722836,31
6618,10,1,2,2.3537252624543736,20
6619,3,0,1,1.5471896367986093,44
6620,4,2,0,3.438935512128116,12
6621,3,3,2,1.8281451832057865,33
6622,7,0,2,4.199078075230863,16
6623,4,0,3,0.5637344247118052,18
6624,5,1,0,2.3153808944403265,9
6625,4,0,1,3.27686205014587,41
6626,3,1,1,0.6017372800212333,8
6627,1,1,3,1.471288561358246,10
6628,4,0,3,1.9733898178825695,37
6629,1,0,2,0.5983004956205491,30
6630,3,1,1,2.960108171828017,1
6631,8,0,1,3.3389077508801734,23
6632,3,0,1,1.523850133158648,41
6633,6,3,2,2.9456722729777027,4
6634,5,0,1,4.996071001208738,29
6635,7,1,4,4.491136794862939,38
6636,3,1,3,0.7639737422022044,34
6637,3,1,3,1.0754710898734636,16
6638,9,0,3,2.724814946071972,30
6639,3,2,3,1.6034050168912173,1
6640,5,0,4,0.8643615672957391,15
6641,5,3,0,1.6454952173557347,20
6642,10,1,1,0.7753014395321115,29
6643,5,1,3,2.88460598952042,0
6644,8,0,1,2.7061254665178596,13
6645,10,0,1,0.5284676910026758,15
6646,2,1,4,2.6713237803976817,8
6647,1,3,1,2.839123162674459,7
6648,7,2,3,3.225666834552195,8
6649,2,1,1,4.86544875982927,33
6650,2,1,4,4.922115921734002,44
6651,3,1,3,2.8711818980187,32
6652,3,0,4,4.303340139244021,21
6653,4,2,2,0.8832459649563915,29
6654,2,1,0,2.8901958009353392,6
6655,6,3,1,3.5550502665078274,17
6656,3,0,1,3.041279688062968,20
6657,4,0,1,1.5382444750438327,4
6658,6,0,2,0.7819609383707493,6
6659,3,2,0,2.240011780588353,11
6660,7,1,4,3.4143912400404144,16
6661,2,1,2,4.962708831450029,23
6662,3,1,2,1.564400531227758,36
6663,6,1,3,4.630054593701227,43
6664,2,0,2,0.807176297863688,18
6665,8,1,2,4.689451732657902,44
6666,4,3,1,4.245650455415134,15
6667,4,0,3,0.5942540872933157,24
6668,3,1,4,1.8418341833989909,26
6669,4,1,0,0.7293049415534009,41
6670,5,1,4,4.979776421883018,43
6671,9,0,3,2.425298020626993,6
6672,2,1,1,3.4797808382478683,41
6673,2,0,0,1.5538575867007407,7
6674,1,0,4,4.701813074003983,14
6675,6,1,0,1.7337833984276225,15
6676,5,1,0,1.6709657328603433,7
6677,1,0,0,1.915700431736088,35
6678,5,1,2,2.581201240928179,31
6679,4,1,3,0.5833972680336996,16
6680,1,0,3,3.1902687505763803,35
6681,2,1,1,0.6424960871333216,21
6682,6,0,4,2.926411194828169,31
6683,6,2,1,2.560482059819504,10
6684,3,3,4,1.591461761613846,44
6685,5,1,0,1.9839560772687201,5
6686,6,0,4,3.6754691506010135,21
6687,1,0,4,0.5431888394212836,13
6688,6,4,0,1.9249121211159188,27
6689,5,0,1,3.561337643741903,38
6690,8,2,4,1.1852323943114753,11
6691,7,0,1,3.021735443837465,26
6692,5,0,1,1.2601981781722071,0
6693,3,0,3,1.1964284458564982,9
6694,1,0,0,3.975260430756906,32
6695,6,0,0,1.6993640898551197,15
6696,3,2,2,2.1909610352863735,38
6697,1,0,1,3.7850812953123643,5
6698,5,0,2,1.3078382024433934,24
6699,2,2,0,2.8928165959978593,19
6700,6,2,0,4.630188486940984,35
6701,2,0,2,2.992220687203199,22
6702,4,1,0,0.7198059498054324,15
6703,2,0,0,3.153637736046998,0
6704,3,1,3,0.9056902978147903,29
6705,2,1,4,1.7695604319497737,26
6706,3,0,3,4.323537974045801,1
6707,1,2,4,0.5498110763087807,20
6708,5,3,3,0.8465598889907974,8
6709,1,1,3,2.1351385790616693,23
6710,5,3,1,4.9972814595470725,40
6711,4,0,2,1.8133875773232944,38
6712,4,0,3,1.2077357843121406,41
6713,2,0,1,2.97239959781712,6
6714,5,0,3,2.8366475970668152,29
6715,3,1,2,2.523288147929769,44
6716,5,1,1,4.759941884193269,1
6717,2,1,4,1.7606721692773344,11
6718,8,0,2,1.8199590316788479,12
6719,7,1,0,1.1311563712418786,2
6720,6,1,1,3.637796080622789,42
6721,9,1,0,1.9461626198624222,39
6722,4,0,1,4.1123313187054364,42
6723,4,1,4,4.872910448178141,17
6724,5,0,1,0.6965835889576639,38
6725,9,1,3,4.969048505261561,43
6726,2,1,0,1.6434690186068799,5
6727,1,2,0,2.3904966076453738,41
6728,3,0,1,3.9998450952171147,26
6729,5,1,3,3.49399013962696,14
6730,4,1,3,4.002966143756931,14
6731,3,1,1,2.5984940707348643,18
6732,4,0,2,4.622301853577886,37
6733,1,4,4,4.054733624322996,19
6734,2,2,1,1.8915258894515423,19
6735,2,1,3,4.76816099606942,17
6736,5,1,4,4.824743870418595,33
6737,3,1,1,2.367741000905349,38
6738,10,0,4,3.433822195944158,36
6739,4,1,2,4.1664584084625655,34
6740,4,2,3,4.177853225921512,37
6741,4,1,2,0.5635559511084083,37
6742,4,2,2,3.3305613487094368,0
6743,4,2,3,4.881646838527727,11
6744,4,2,2,1.5410621650827703,4
6745,6,1,1,4.080239866296224,26
6746,1,0,1,2.904114294846421,38
6747,5,1,4,1.496615950125102,19
6748,2,1,1,0.7296708833779821,39
6749,6,0,1,3.9196476995765344,18
6750,6,1,4,1.9241165728617216,37
6751,2,0,0,2.1901371262929707,14
6752,5,3,3,2.68353973962055,5
6753,4,2,1,2.782377063370887,8
6754,2,0,4,1.4278350963668498,35
6755,5,0,2,3.517888955848119,22
6756,4,2,2,3.616429909801431,9
6757,4,1,1,1.1403541602465956,0
6758,4,0,3,2.898092929606616,10
6759,4,2,4,3.241667067022819,19
6760,4,1,4,1.3381319453013156,27
6761,3,2,4,4.525079569381917,21
6762,3,0,4,2.6727163752887977,19
6763,4,0,4,1.0176276094970773,37
6764,3,0,3,2.0047827992953766,15
6765,4,1,4,2.6463220172359425,1
6766,2,0,3,0.5456486888631678,24
6767,6,1,3,0.6435944406386332,26
6768,3,4,3,0.7498426788977807,2
6769,3,0,2,2.9216085165474497,22
6770,1,2,0,2.0123968830688455,31
6771,2,1,1,4.518968216251998,16
6772,4,0,2,3.0165524254800244,39
6773,3,3,0,3.9195334796941,19
6774,6,1,2,3.5920992953978255,29
6775,4,0,3,2.841443272569765,27
6776,3,0,3,3.851241978943061,44
6777,1,0,4,2.95117566290478,22
6778,5,1,3,2.234553373357027,18
6779,4,3,2,2.4611217462844177,24
6780,3,2,1,4.2732560279474665,23
6781,3,2,3,3.034731011555961,0
6782,3,1,0,2.19783266673042,27
6783,4,1,2,1.3088441821381165,28
6784,5,3,0,2.729110289907674,43
6785,6,0,4,1.6358184928961363,34
6786,6,1,4,4.800109451577666,16
6787,3,0,1,2.709419380929897,10
6788,2,0,2,0.5402672325016571,36
6789,1,2,1,0.917947352725134,6
6790,6,1,0,1.7794602126974413,25
6791,5,0,1,0.9147327876423996,22
6792,3,1,0,4.522830014729307,17
6793,6,1,1,4.344582050602389,28
6794,4,2,4,4.868876789945405,38
6795,3,0,2,3.6790952645471444,33
6796,6,0,1,3.4045904579540713,37
6797,1,1,0,4.655734870530995,7
6798,3,0,2,4.758769151628459,20
6799,3,2,4,4.448695292976211,20
6800,5,3,4,4.376627797189203,35
6801,2,3,3,3.522664649496776,16
6802,6,2,2,0.5072267625784016,15
6803,7,1,1,2.4328267264834373,14
6804,4,0,4,3.360482470307064,14
6805,3,2,1,2.962073212000721,39
6806,4,2,1,4.195069834508926,16
6807,2,1,0,4.1850602443135845,0
6808,6,1,1,3.1940690425772256,12
6809,1,1,3,0.5989732396657865,37
6810,3,0,2,2.16198478550623,9
6811,3,1,2,1.5296746340456326,32
6812,4,0,0,2.0245464893986282,25
6813,5,0,3,3.2778169453222783,11
6814,2,2,3,0.799078562072274,18
6815,9,1,2,0.6000892207203719,14
6816,6,3,3,2.46592812191137,4
6817,8,1,4,4.071082245114402,1
6818,2,0,1,0.6381435856934834,13
6819,11,0,1,4.320718632918787,28
6820,9,2,2,2.227458347375036,40
6821,4,1,2,1.0320594302545332,0
6822,5,0,3,3.0537397795914596,12
6823,5,1,0,4.785622526409842,31
6824,11,1,2,2.941308045674668,33
6825,4,1,2,3.5898564010368714,13
6826,2,1,2,4.173895791009589,37
6827,6,1,3,4.09703055011339,37
6828,4,1,4,0.8290342783118285,40
6829,3,0,2,3.834479359539162,14
6830,2,1,4,4.772523046427936,38
6831,2,0,3,3.6529350529125977,5
6832,1,0,0,4.263993021697104,28
6833,3,2,1,2.684973654550039,36
6834,2,1,1,1.9358119686779216,18
6835,2,0,1,3.5430765039089325,0
6836,7,2,1,2.7148999015373683,20
6837,5,0,3,4.5287998534148235,38
6838,5,1,1,4.884718858672367,17
6839,6,0,3,4.189109303790502,26
6840,2,2,0,4.9670582786844975,27
6841,7,1,2,2.0676676927743642,7
6842,3,1,2,4.530899204395176,30
6843,0,2,2,1.9847013295882079,11
6844,9,2,3,1.0311713388767911,41
6845,4,3,3,3.296181628901519,5
6846,4,0,3,2.5474488544039833,25
6847,4,0,0,4.647646550437781,15
6848,2,0,4,2.714872494101068,29
6849,2,1,3,4.674346606914364,18
6850,4,0,3,0.8538524023779616,17
6851,10,1,2,4.237303260858506,23
6852,5,2,1,3.9160142080897207,44
6853,1,0,1,3.73990223065344,19
6854,4,0,0,2.098111347809554,6
6855,3,1,1,4.026918361989085,6
6856,7,1,4,2.6748346066014963,15
6857,4,2,2,3.7184157989814564,41
6858,3,2,0,2.9850221605332665,13
6859,3,2,1,1.2084786704003498,11
6860,3,1,1,0.79051365577986,28
6861,2,0,2,2.147839930415317,14
6862,1,0,0,4.697549703256318,7
6863,4,1,2,2.883807593696989,38
6864,4,0,0,4.109864304275919,8
6865,5,0,1,3.091788817919741,27
6866,2,3,2,4.810573788230469,26
6867,5,1,2,2.162550029695704,6
6868,1,0,4,0.7567270492008782,43
6869,3,1,2,4.013007724875131,13
6870,3,0,0,3.6745542874899115,10
6871,5,1,4,2.8739047200725576,31
6872,3,1,2,1.968760594356416,27
6873,4,3,2,1.3471931646024766,5
6874,5,2,4,2.6702421987934146,34
6875,5,1,1,3.497906341807191,5
6876,5,1,2,3.1049889321658677,23
6877,4,4,3,2.4687072966722363,8
6878,3,0,1,2.9286249994813773,1
6879,5,1,2,0.9857971864156931,37
6880,6,0,1,3.631280467369646,13
6881,8,1,0,3.8041521970817005,30
6882,5,1,1,0.5515367184369077,29
6883,2,2,4,1.7173380013739104,26
6884,0,0,2,0.9145258707797286,35
6885,3,2,1,4.992044593435235,30
6886,3,1,3,3.1700427518982353,41
6887,9,2,0,2.595821424019531,5
6888,2,1,0,2.5835045854147576,42
6889,5,0,1,4.841482636529466,44
6890,5,2,4,3.469350371672968,17
6891,3,0,0,1.258968012111904,13
6892,1,2,1,2.5167147259814033,19
6893,4,0,1,3.9838857842565467,10
6894,3,1,0,2.405075300864569,36
6895,11,1,1,1.8929004164908638,39
6896,3,0,1,4.960472344611149,3
6897,4,2,3,4.710367105755031,43
6898,2,4,1,4.737021661957813,5
6899,2,1,1,1.0925263835273196,22
6900,5,0,4,1.5541486556412292,7
6901,4,0,0,2.489301311746284,29
6902,3,0,4,4.244581662046512,35
6903,4,1,2,3.815723931024304,41
6904,4,0,4,4.323503278185932,10
6905,5,1,2,4.643434810208169,4
6906,2,1,2,4.0134507937273405,2
6907,7,0,4,1.6779650456524022,14
6908,8,0,3,1.7845055707422617,1
6909,4,0,4,2.086194567303943,1
6910,5,1,0,1.863839150751279,7
6911,1,0,4,1.6209452736640089,29
6912,7,1,3,3.88618726944084,40
6913,3,1,4,0.6529597290517155,4
6914,6,2,3,3.7777718214277924,29
6915,2,3,0,4.206036971817356,43
6916,5,1,1,0.7971981950516802,9
6917,2,0,3,0.7783119824044828,32
6918,4,2,3,1.7845871130198545,23
6919,6,2,3,1.4373806702074934,18
6920,6,1,0,3.1151015316058697,29
6921,6,2,2,3.5395319457573513,24
6922,6,2,3,3.3536389824694615,10
6923,6,0,0,2.1080631661800022,34
6924,3,2,1,2.7427902557613626,0
6925,4,1,3,3.379958732768535,16
6926,4,0,2,1.0374182096286664,30
6927,4,1,0,1.5328036150425233,5
6928,2,0,1,4.507232692937823,12
6929,4,0,2,2.040468694471014,25
6930,4,0,1,4.105203718638673,35
6931,5,0,2,1.6294538855171483,4
6932,6,1,4,0.6873815819120983,13
6933,5,2,4,2.7518026661303434,14
6934,4,1,4,4.516169196031189,11
6935,7,1,1,4.18678047113962,41
6936,8,2,4,1.6382262601602045,7
6937,4,1,0,4.594710984909562,30
6938,8,0,0,2.6587215271233644,25
6939,6,2,4,0.7204955170490153,28
6940,9,2,2,0.6256607889548829,3
6941,8,1,2,2.6830118030149626,27
6942,1,1,1,2.958452850712173,24
6943,3,0,2,0.8596081426216566,39
6944,7,1,3,4.650082941763305,31
6945,5,0,2,3.7319757282087034,35
6946,1,2,0,4.105770613190338,10
6947,8,0,2,3.1281046304735822,36
6948,2,2,1,3.4859483426953157,9
6949,6,2,2,2.2453710342220417,37
6950,1,0,1,3.5568368822484198,35
6951,2,1,3,4.9018230113192125,26
6952,9,0,4,3.41472159774936,16
6953,4,0,3,2.037351752929264,6
6954,1,1,0,1.7835760507211054,8
6955,3,1,3,4.835056733811784,34
6956,3,1,3,1.3325103369862927,8
6957,2,0,0,4.127884752513289,35
6958,2,2,0,2.5936803140394145,29
6959,5,1,4,2.4969188945876026,30
6960,7,1,4,3.86392004590482,18
6961,6,2,2,1.1661729352067454,40
6962,4,0,1,2.598331667652142,22
6963,7,0,0,0.6612515949548674,19
6964,9,0,3,3.516830696801612,5
6965,3,3,3,0.7626977777914987,42
6966,4,0,4,0.8927995895324914,23
6967,2,2,1,4.301718715531415,21
6968,2,1,0,2.493298341571676,5
6969,9,0,4,1.4043905984670915,23
6970,6,2,1,3.1666305917992092,41
6971,10,0,0,2.8367746906303917,21
6972,4,0,3,2.3490874703428615,17
6973,5,0,3,4.574376800372064,15
6974,3,0,4,3.8725609916855572,35
6975,3,1,1,1.182167920648835,12
6976,3,1,3,3.0684859247633893,36
6977,4,2,1,0.8993475531714521,23
6978,3,0,4,1.6009428669926296,18
6979,0,0,2,4.594371560242882,19
6980,5,0,1,2.5793596656870896,26
6981,4,0,1,4.514477457279657,16
6982,6,0,4,1.2469953451620386,15
6983,5,0,2,1.4240378638023752,0
6984,5,2,3,2.087711253801918,20
6985,7,1,0,2.1484653901676003,26
6986,4,3,4,3.8537477160378093,0
6987,4,0,0,3.197347528857674,29
6988,5,0,2,2.9896224167598353,19
6989,3,2,2,3.2106897807264225,23
6990,3,2,1,3.7948611763553406,1
6991,4,1,0,4.5176748737409,14
6992,6,1,0,2.3663298041474907,28
6993,6,0,2,4.1131667431555945,34
6994,3,0,0,2.7279359738871287,12
6995,1,2,3,3.7493520914729226,18
6996,5,3,2,4.436707046268954,0
6997,5,2,1,0.6449667006417519,44
6998,5,0,1,2.9598338990155124,15
6999,3,1,1,4.952212819072139,42
7000,1,0,0,2.7330098653510886,2
7001,4,1,2,4.389366571707615,39
7002,4,0,1,1.3365493358757323,5
7003,1,1,2,3.2192919061084924,30
7004,5,2,0,4.416376834555003,4
7005,3,1,3,2.44189909228447,25
7006,0,0,3,2.690249265072697,27
7007,1,2,3,0.8690805700205801,14
7008,2,1,0,0.6897744137777225,8
7009,4,1,1,2.6091873481234247,21
7010,3,1,0,4.295638992385102,36
7011,0,3,2,4.6909592245162175,20
7012,6,0,3,3.4639385155757405,41
7013,2,0,2,4.218793697005778,28
7014,4,0,0,3.806843731962824,25
7015,2,1,4,3.6566862210518423,5
7016,3,3,4,3.9606489445404143,10
7017,6,2,0,2.773863285849181,35
7018,5,1,1,2.560721465735845,19
7019,1,4,2,1.2161458500883706,43
7020,2,0,0,4.297168925186405,19
7021,3,0,0,0.700762460467571,26
7022,4,0,4,1.7034985455679807,5
7023,7,0,3,2.8396226621557807,32
7024,4,1,3,4.872191506349223,29
7025,2,2,1,4.0368782403315375,33
7026,3,1,1,2.1590205109188263,4
7027,5,1,1,3.712767757305958,15
7028,2,0,4,4.6911622460682025,11
7029,6,1,0,2.924975531916842,11
7030,3,2,1,2.578730879754272,10
7031,2,0,4,2.9884697252344736,20
7032,7,2,2,1.9018851851929224,6
7033,4,0,0,4.583069648078857,33
7034,2,0,2,4.087768156076646,28
7035,7,0,3,3.6746785055897466,5
7036,5,0,3,3.150914362531892,35
7037,3,1,0,4.862636503034848,33
7038,2,0,1,1.839675782634892,7
7039,4,0,0,1.774108242080823,36
7040,2,1,1,1.5896224978843199,9
7041,3,2,3,3.837991948902196,15
7042,3,0,0,4.087785379434351,1
7043,2,0,0,3.187013792750114,18
7044,10,2,1,3.433926696521528,6
7045,7,2,3,2.0703234407287674,1
7046,3,2,3,0.6789089411279705,44
7047,2,1,1,1.6413612963856385,22
7048,6,0,1,3.1293645220869166,30
7049,4,1,1,4.158197070729749,3
7050,4,0,3,3.9973774029484876,15
7051,5,0,3,1.3076931388693156,9
7052,4,0,0,0.7315079453430273,20
7053,5,0,3,4.327520179982186,27
7054,3,1,2,0.8401515471619323,11
7055,6,0,2,2.2699006825507992,12
7056,5,1,1,0.9240154555321205,39
7057,2,1,1,3.03821919701873,16
7058,2,0,1,2.135013940343823,17
7059,5,0,0,1.4112212801068065,9
7060,5,2,2,3.1782545069811854,27
7061,5,0,2,2.135263054458603,12
7062,8,0,3,1.2505471327436066,33
7063,9,0,2,3.650388856539183,5
7064,7,2,3,4.265637394470694,11
7065,5,0,0,1.731841569893728,28
7066,4,1,1,1.3389127061082813,12
7067,6,0,1,0.8386333789346603,25
7068,2,1,3,2.8755595628159294,3
7069,2,2,4,4.2408216488600115,14
7070,6,1,3,1.6285545275014446,15
7071,7,0,0,2.5728699723369224,18
7072,5,1,2,1.223615540515009,25
7073,1,0,3,2.3189037079713244,31
7074,6,2,0,0.5695029839996386,5
7075,4,3,1,4.598280805340537,5
7076,3,1,4,3.544573527502559,4
7077,1,2,4,1.997661729356473,1
7078,7,0,3,4.465392170252104,1
7079,2,2,2,1.323183332448699,36
7080,7,1,3,0.8543017933505346,2
7081,8,0,4,4.741797115156516,5
7082,6,0,4,1.890576327811522,30
7083,3,1,1,4.711880273488041,42
7084,2,0,2,3.3692581367276304,4
7085,5,0,2,4.910193197669622,9
7086,6,1,4,3.890431454955892,26
7087,0,2,4,0.9746774011773411,23
7088,4,1,3,4.335029001389671,21
7089,5,1,3,1.1654533513758574,24
7090,5,1,1,3.614889225984413,2
7091,4,0,4,2.751833522405139,15
7092,4,1,3,3.6847625366501777,29
7093,2,1,1,3.9424528970068926,42
7094,1,1,2,4.116493451359922,3
7095,3,0,4,4.2574105971307175,42
7096,6,2,0,4.312510346973397,39
7097,2,1,4,2.3565849193508885,15
7098,2,0,3,4.501526324864934,39
7099,1,1,4,3.73811114095514,40
7100,3,0,0,4.2753691913824525,7
7101,5,2,4,4.9513610878907,23
7102,6,1,3,1.0238663395964789,15
7103,5,1,2,2.1676086395843366,26
7104,4,1,3,4.129461593178194,1
7105,10,2,1,0.8883656212831608,19
7106,0,1,3,2.933514794626071,19
7107,5,0,1,4.362790815176588,19
7108,7,1,4,0.585460684436746,18
7109,2,1,1,4.727835043515826,17
7110,4,2,4,4.9016517075707124,12
7111,3,1,1,1.9502641836870713,16
7112,7,0,3,3.95056036125523,32
7113,5,1,0,1.0722924619900316,27
7114,3,0,4,3.977889217372287,4
7115,2,1,1,2.666847563753023,27
7116,4,0,0,4.371228853376955,24
7117,6,1,1,1.4567289227429037,19
7118,2,1,1,3.5269607895900776,20
7119,4,1,1,4.037536284871328,12
7120,7,1,3,1.4112151936354744,5
7121,2,1,1,4.182292749064196,28
7122,5,3,0,4.810934754238412,41
7123,8,2,1,3.2723536996428395,8
7124,1,0,2,4.031826875557477,28
7125,4,1,4,2.8966273671184055,37
7126,6,0,3,3.1914651244803385,0
7127,4,1,2,0.5600859553655566,29
7128,4,1,2,2.859292700762122,31
7129,2,1,0,3.0900368742081805,22
7130,4,1,0,3.5152139559442395,38
7131,5,2,3,1.2622577397470989,9
7132,3,1,3,1.5861841807329164,43
7133,6,0,4,3.9020208426151823,20
7134,2,0,1,1.2543746901231454,25
7135,4,0,3,2.372117325735907,14
7136,6,3,3,1.62720598545003,16
7137,3,3,1,2.95332846629789,34
7138,5,0,4,4.940918965197247,24
7139,5,1,0,4.33417053955232,14
7140,1,1,4,1.7126345298271555,32
7141,5,2,1,2.158753147602992,10
7142,6,0,0,4.633851121240277,23
7143,2,1,0,4.542327375596323,5
7144,3,0,0,1.2223761730189397,27
7145,0,0,4,4.231720092895401,28
7146,2,0,1,1.8392355715435331,20
7147,5,2,4,2.9471142169322126,11
7148,3,2,4,0.5229427518058916,21
7149,3,1,2,4.993655859032698,26
7150,5,1,3,3.9249341134180185,20
7151,5,0,4,1.5877987695442604,14
7152,8,0,2,3.5770770236257716,17
7153,3,0,1,1.8198831327056597,9
7154,4,1,2,0.9025511629370744,21
7155,5,1,4,2.413894803652086,43
7156,5,2,1,3.261734880996403,19
7157,6,0,2,0.9039985619498523,18
7158,2,1,4,2.832828343380242,27
7159,0,0,1,2.816889046004795,36
7160,3,3,1,3.3289035827616638,43
7161,4,2,3,1.6009053733870868,0
7162,4,2,4,0.5928866746063985,33
7163,4,0,3,1.9618587802652225,34
7164,4,1,1,2.2936153663656356,25
7165,5,1,1,3.36083474606192,29
7166,6,2,2,4.685773380238631,11
7167,5,1,3,1.4152348525258303,13
7168,7,2,0,3.59300132945753,38
7169,3,0,4,0.9383040921797143,3
7170,6,1,3,1.3577978999966769,11
7171,1,0,1,2.791105302063162,23
7172,0,1,2,3.6876991062189775,39
7173,3,5,4,4.363558411734225,30
7174,3,0,4,3.8475654439086417,0
7175,9,1,2,0.5690875408723325,36
7176,4,1,1,3.577690966637107,0
7177,3,0,0,4.21095966665138,14
7178,3,0,2,2.8649006482511212,12
7179,8,0,0,4.845194109348841,28
7180,2,0,3,0.519405900997249,44
7181,2,2,4,4.183960777809368,3
7182,5,2,1,2.006688793636375,14
7183,1,0,0,3.4270240178202234,43
7184,1,0,1,3.6206685248832486,39
7185,6,1,3,1.878120573697679,11
7186,4,1,0,4.979410249160784,24
7187,5,2,1,0.9646251263166794,26
7188,4,0,1,1.2066308832589399,5
7189,7,0,3,4.514862673629779,22
7190,4,2,2,1.0363094440019232,14
7191,6,3,3,2.2157881913568587,38
7192,6,1,0,3.7991399535329062,4
7193,6,3,0,4.061713373760822,22
7194,3,0,4,4.796011295657566,14
7195,6,1,1,4.0530822560339,24
7196,3,1,0,4.300395728538908,29
7197,2,1,2,4.7721920256248485,43
7198,6,0,2,2.991594615233514,42
7199,5,0,3,2.0454505704434496,3
7200,3,4,0,3.927259150999264,12
7201,3,0,0,1.235937138897005,39
7202,4,1,4,0.8070425150182547,38
7203,3,1,4,4.033988893052461,22
7204,1,0,4,4.778021111282833,15
7205,2,1,0,2.491011252348689,34
7206,6,0,3,1.2251005405165332,15
7207,4,1,3,2.7365943923908818,6
7208,1,0,3,2.2699303337903514,44
7209,2,2,3,2.176132728913231,12
7210,3,2,2,3.3263637798974703,28
7211,3,0,0,1.2863107161963776,38
7212,4,2,1,2.2121669691382113,19
7213,5,0,0,4.409045775980287,28
7214,6,0,3,3.7834929392770467,17
7215,8,0,2,0.7501481005495512,21
7216,4,0,2,2.8125670818311925,35
7217,5,1,0,0.9108289305809523,40
7218,6,3,1,4.808733930268534,35
7219,2,0,3,1.6008828839735239,7
7220,7,2,2,4.696794615710361,2
7221,5,0,3,4.2530378382118155,28
7222,3,0,3,2.9811399561378478,8
7223,10,1,3,2.0133705777933586,7
7224,2,0,4,4.360760063107927,29
7225,7,0,3,1.187526654214436,11
7226,3,1,3,1.3098835125456363,27
7227,2,1,1,1.5112520481506424,41
7228,2,1,1,3.1896360403078416,42
7229,4,1,4,1.914463510486314,9
7230,7,1,4,4.951316477655097,12
7231,1,0,3,1.3780086588192397,1
7232,3,0,2,4.1252454389936934,0
7233,5,0,2,0.9312629832805801,21
7234,5,0,0,2.0905095303478376,32
7235,3,0,2,1.5969312509272422,15
7236,2,1,2,4.89576176883614,41
7237,2,1,1,0.6157876089985528,28
7238,6,5,0,3.747512865652519,9
7239,3,2,0,1.614749564304041,38
7240,3,1,1,4.150618981639786,6
7241,3,2,2,1.9005097981333274,0
7242,3,1,2,1.3427791025516744,25
7243,3,2,0,3.6186793314046817,44
7244,4,0,2,1.6590944106857313,4
7245,1,0,0,2.68496091490287,34
7246,7,2,2,1.0919004004132025,12
7247,6,0,3,3.7606910496942767,26
7248,7,2,1,2.3307629227424274,11
7249,4,0,4,1.1326089174676743,29
7250,6,3,3,3.837177710559419,31
7251,6,1,2,0.9651298641428131,30
7252,4,2,4,3.0866919012903478,4
7253,5,0,3,3.2336832636052306,36
7254,4,2,1,4.686577251686138,1
7255,6,1,4,1.1794122434535614,37
7256,2,0,4,3.4400586187862134,6
7257,6,0,1,2.2134586162786998,0
7258,7,2,3,2.303664561618392,2
7259,5,2,4,2.7582133187471367,19
7260,2,0,1,1.5520307542205236,1
7261,5,0,3,2.575324575286061,41
7262,4,0,2,3.5908077578037574,42
7263,6,1,0,2.5570086779680667,20
7264,3,0,2,0.6912879229899018,44
7265,6,1,2,1.6602181139518604,31
7266,3,1,0,2.081570957388993,19
7267,5,0,2,2.0962451160033515,42
7268,5,0,2,0.8645310163369482,30
7269,3,0,1,2.523067482277684,42
7270,7,0,1,3.6137705854485516,32
7271,5,2,3,0.7190240812188049,23
7272,0,1,4,3.879158775679538,17
7273,2,0,3,4.797973413335563,19
7274,6,0,1,0.5420217036722172,31
7275,4,1,1,1.371615421694651,4
7276,5,2,0,2.9456950205538153,1
7277,1,1,0,1.4812226894753098,25
7278,2,2,1,3.9408171425504057,24
7279,3,0,2,1.9046044173174939,21
7280,7,0,3,1.8213137704306313,38
7281,5,0,1,0.5041574410254885,21
7282,6,0,1,1.7155678468472408,10
7283,7,2,0,1.479517348580865,10
7284,1,0,3,2.0445843521411406,44
7285,6,0,3,1.1644549386093508,3
7286,2,0,4,3.175918998901227,32
7287,2,0,1,1.5743369457155425,17
7288,3,1,4,4.242878891366791,30
7289,7,2,0,1.7805107603192543,43
7290,4,0,4,1.4489131975684715,27
7291,3,1,2,0.7553811287274563,41
7292,4,0,1,3.8295801050978473,21
7293,2,0,1,2.7869367876690014,39
7294,1,1,3,1.0120234882121726,2
7295,5,1,4,1.4960065217788023,6
7296,5,0,3,4.994235824269292,19
7297,5,0,4,4.127129270526107,42
7298,4,0,4,2.074412685954152,6
7299,1,1,0,2.9414967377690475,6
7300,3,2,4,2.3720772150526694,28
7301,4,2,3,0.6637530443038542,25
7302,2,2,4,4.004046541458079,40
7303,8,1,4,3.7264375095045232,2
7304,5,1,1,2.3396104152314496,42
7305,7,2,1,4.306537115962824,16
7306,3,3,1,2.906325927001465,39
7307,0,2,2,0.7934379773531155,19
7308,4,1,1,1.667328306110966,33
7309,3,0,2,2.577977762386307,32
7310,4,2,2,0.9655215741985872,15
7311,5,1,3,3.0698653678830725,22
7312,2,2,1,1.0425567275753065,3
7313,6,2,4,1.4022868346791184,40
7314,3,0,0,4.522926476022028,39
7315,8,0,4,4.9991557461855525,32
7316,4,1,1,2.9761400482100906,7
7317,7,0,4,3.288418745592942,4
7318,6,0,1,4.088440161168936,32
7319,4,1,1,3.632627732918402,24
7320,4,1,4,1.3210994509462235,6
7321,4,2,2,2.352521860423,6
7322,7,0,3,2.908024335087802,32
7323,6,3,3,2.118703964660186,40
7324,5,4,3,1.292477763910077,32
7325,3,1,3,3.812510048276178,28
7326,1,1,0,1.39480882285711,43
7327,2,1,1,1.6721866791581184,38
7328,1,1,0,1.7893382680779462,40
7329,5,1,3,1.2280065371418538,31
7330,3,1,3,4.322982303478997,36
7331,3,1,4,3.2477734348911325,43
7332,7,1,3,4.256366584964624,28
7333,4,3,1,2.7217819107909915,21
7334,3,0,3,2.838033680543309,1
7335,4,1,3,3.2726508356046393,8
7336,5,1,0,2.169137947688159,28
7337,10,2,1,2.734628426739966,32
7338,9,1,2,2.9611180808045683,9
7339,3,0,4,4.79094096279763,27
7340,3,0,2,4.473086593210386,38
7341,4,1,0,1.0816063136353526,11
7342,7,1,3,0.6857711005663271,21
7343,4,0,4,3.5615027829118056,5
7344,6,0,1,0.7213939999019482,44
7345,4,0,4,0.7715797922869614,39
7346,5,1,0,1.2166852857986425,22
7347,5,3,3,2.082681908900303,33
7348,6,1,0,2.45748250333044,41
7349,2,1,1,2.8372011562149657,37
7350,5,0,2,4.965296868374782,15
7351,4,1,3,2.23354739620439,9
7352,5,1,3,1.5923889343389224,20
7353,4,2,0,3.088635838631281,9
7354,8,2,0,1.468179286731522,10
7355,4,1,0,4.732445443063481,20
7356,4,0,3,1.6666443592050615,24
7357,3,1,0,4.954703610439722,33
7358,4,2,4,2.3840068567138046,30
7359,6,0,4,4.157087033136882,26
7360,7,0,4,3.417261462705965,24
7361,3,0,3,4.700723785001311,41
7362,8,0,0,3.3144212880890818,31
7363,2,1,1,3.115480907488328,43
7364,7,1,0,3.437836000558306,10
7365,4,2,3,4.039094894650452,25
7366,6,3,4,4.544787344858635,35
7367,1,2,3,1.700667050434212,36
7368,5,1,0,1.4039919134604966,32
7369,4,0,3,0.6545736304969085,32
7370,6,1,1,2.165356413696201,41
7371,4,0,3,4.307832602771228,35
7372,3,1,2,0.8143584288659897,12
7373,7,0,3,2.9233403440850827,13
7374,3,1,0,3.62654886303979,36
7375,6,0,2,4.265838649044763,42
7376,5,0,4,3.1254364488897344,39
7377,1,2,0,1.3384400458682872,0
7378,5,0,1,4.840413161982008,4
7379,2,2,3,0.9259317968091705,29
7380,5,2,3,3.9604982530863118,17
7381,4,0,0,0.8895165072948887,44
7382,9,0,3,1.1453859845650185,36
7383,6,0,3,4.541970171627252,38
7384,7,2,4,3.888835963707919,11
7385,2,1,3,2.1447872205439253,33
7386,5,1,3,3.374259604952918,44
7387,5,1,4,2.5576124976981243,13
7388,2,0,3,0.7994199240334117,37
7389,2,0,4,3.7450742735241307,15
7390,3,0,1,3.9346507568126907,41
7391,4,0,3,4.470536237684074,10
7392,3,1,0,2.9328680597507604,32
7393,1,1,2,3.5291207795065516,14
7394,3,0,1,2.4712268826869055,41
7395,4,2,3,1.9350916659852189,9
7396,7,0,0,2.352649978346492,2
7397,5,1,2,4.6028856049901945,10
7398,0,0,4,1.238770782698849,10
7399,3,1,3,1.6182491792924547,15
7400,9,0,4,3.2278585611997945,37
7401,2,1,1,1.023265947025338,29
7402,4,2,2,4.513390302435922,40
7403,6,0,2,0.7125636733846816,0
7404,5,2,4,3.898905319692078,37
7405,3,0,4,2.181776212171849,44
7406,1,0,1,0.7302450812515751,33
7407,1,1,0,4.293175521734318,18
7408,2,1,3,3.3820710560620486,33
7409,5,2,0,0.5398641911666231,35
7410,6,2,2,1.7038978177307595,3
7411,2,0,3,2.0842052347626083,9
7412,3,1,1,1.9516016700467202,16
7413,2,1,0,2.742539130633389,15
7414,2,1,0,2.8706133104458056,20
7415,5,1,3,2.2853930800692117,27
7416,2,3,1,1.992966524500356,7
7417,3,2,1,2.769841977305249,28
7418,6,1,0,0.6512693208289699,5
7419,5,1,0,3.403407920142266,29
7420,6,0,4,3.2269213260664005,1
7421,1,1,3,1.756489098763173,30
7422,1,1,1,1.3078195115028672,24
7423,7,0,2,0.8284323768257066,22
7424,8,0,3,3.1430468808775016,42
7425,1,2,4,3.060051226633409,20
7426,4,2,3,2.8999314054974894,15
7427,5,1,0,4.935282206842179,3
7428,3,0,3,2.89194849959684,42
7429,3,0,3,3.7480582848636086,7
7430,2,0,3,1.0081322232511938,5
7431,3,3,2,1.8453685513350353,26
7432,4,3,4,1.7395097671758728,35
7433,6,0,3,3.091889776361038,35
7434,1,4,3,1.9886595276068326,23
7435,3,0,2,3.384798920915225,5
7436,3,2,1,3.605403826407663,42
7437,5,1,3,0.6516042672983171,32
7438,8,2,3,3.3789097059775037,1
7439,3,0,1,1.025543130254786,40
7440,4,0,3,2.593108858350053,15
7441,3,1,3,3.7695945684601857,37
7442,4,0,3,3.665052481753157,8
7443,5,1,4,1.849201452488575,4
7444,2,0,0,1.7256463270736804,9
7445,2,0,4,2.4810192853502997,29
7446,2,0,1,1.3490018735800424,6
7447,6,1,4,4.88614555718816,28
7448,5,1,4,2.0521268209129007,1
7449,4,1,2,4.653469733054797,19
7450,3,2,1,4.587192333319829,3
7451,7,2,1,2.141820444030415,27
7452,3,3,1,1.643380845228076,7
7453,3,0,4,3.9687603553681843,34
7454,4,1,1,1.532200314036442,1
7455,5,2,2,2.8456087548311433,40
7456,7,1,3,0.9981021848895046,27
7457,4,1,4,2.236694695472433,10
7458,2,2,3,0.8516971564480256,35
7459,8,1,3,1.7754781670872586,8
7460,5,2,4,3.493821821857458,37
7461,2,1,4,4.960882204475812,0
7462,8,2,1,1.6466341842796022,26
7463,4,1,2,2.6299458074720263,2
7464,3,0,4,2.5162075160111885,38
7465,4,1,3,1.3286913539340266,8
7466,5,1,4,3.2453106628887847,39
7467,3,1,2,3.761172260698873,27
7468,6,4,0,1.1624876754640323,20
7469,4,0,3,3.907060576613606,27
7470,1,2,0,3.6507273610797104,44
7471,3,0,0,1.3880429637243048,23
7472,5,3,2,3.4202643130305646,17
7473,5,1,4,2.2715225571358513,8
7474,7,1,0,3.565119886224934,25
7475,2,2,1,2.732435835061344,23
7476,1,1,4,0.7166195385532295,5
7477,4,0,3,4.041351446620069,11
7478,4,0,4,3.0001996612358766,35
7479,6,3,2,3.7615758028642965,8
7480,4,1,2,1.0673229869611636,9
7481,2,3,3,3.745726126713953,2
7482,5,1,3,2.3614978483241678,28
7483,5,0,3,4.096701698115757,6
7484,2,0,2,3.1962464389534406,25
7485,7,1,4,2.097059563714101,7
7486,1,2,0,1.4086262851127576,42
7487,3,1,0,4.171658758876592,12
7488,4,1,1,3.020866986094366,34
7489,2,2,2,4.943606326836191,18
7490,3,1,3,2.180699016554443,21
7491,5,1,4,3.5857364971360854,15
7492,7,0,2,3.302693922994164,14
7493,4,2,1,3.3691176917935195,1
7494,1,1,0,3.816409840410457,37
7495,6,1,4,1.1259872599232932,20
7496,4,1,0,2.973398197992219,29
7497,2,1,4,2.7910835167749037,6
7498,3,0,3,2.041384050907433,30
7499,2,0,4,2.4626761993365625,40
